,Country,year,Happiness_Rank,Happiness_Score,GDP_per_Capita,Social_support,Life_Expectancy,Freedom,Trust_in_Government,Generosity,Region
0,Switzerland,2015,1,7.587,1.39651,1.34951,0.94143,0.66557,0.41978,0.29678,Western Europe
1,Switzerland,2016,2,7.509,1.52733,1.14524,0.86303,0.58557,0.41203,0.28083,Western Europe
2,Switzerland,2017,4,7.49399995803833,1.56497955322266,1.51691174507141,0.858131289482117,0.620070576667786,0.367007285356522,0.290549278259277,Western Europe
3,Switzerland,2018,5,7.487,1.42,1.549,0.927,0.66,0.357,0.256,Western Europe
4,Switzerland,2019,6,7.48,1.452,1.526,1.052,0.572,0.343,0.263,Western Europe
5,Switzerland,2020,3,7.559899807,1.39077425,1.472403407,1.040533185,0.62895447,0.407945901,0.269055754,Western Europe
6,Switzerland,2021,3,7.571,1.566,1.079,0.816,0.653,0.413,0.204,Western Europe
7,Switzerland,2022,4,7.512,2.026,1.226,0.822,0.677,0.461,0.147,Western Europe
8,Iceland,2015,2,7.561,1.30232,1.40223,0.94784,0.62877,0.14145,0.4363,Western Europe
9,Iceland,2016,3,7.501,1.42666,1.18326,0.86733,0.56624,0.14975,0.47678,Western Europe
10,Iceland,2017,3,7.50400018692017,1.480633020401,1.6105740070343,0.833552122116089,0.627162635326385,0.153526559472084,0.475540220737457,Western Europe
11,Iceland,2018,4,7.495,1.343,1.644,0.914,0.677,0.138,0.353,Western Europe
12,Iceland,2019,4,7.494,1.38,1.624,1.026,0.591,0.118,0.354,Western Europe
13,Iceland,2020,4,7.504499912,1.326501608,1.547567487,1.000843406,0.661980748,0.144540772,0.362330228,Western Europe
14,Iceland,2021,4,7.554,1.482,1.172,0.772,0.698,0.17,0.293,Western Europe
15,Iceland,2022,3,7.557,1.936,1.32,0.803,0.718,0.191,0.27,Western Europe
16,Denmark,2015,3,7.527,1.32548,1.36058,0.87464,0.64938,0.48357,0.34139,Western Europe
17,Denmark,2016,1,7.526,1.44178,1.16374,0.79504,0.57941,0.44453,0.36171,Western Europe
18,Denmark,2017,2,7.52199983596802,1.48238301277161,1.55112159252167,0.792565524578094,0.626006722450256,0.40077006816864,0.355280488729477,Western Europe
19,Denmark,2018,3,7.555,1.351,1.59,0.868,0.683,0.408,0.284,Western Europe
20,Denmark,2019,2,7.6,1.383,1.573,0.996,0.592,0.41,0.252,Western Europe
21,Denmark,2020,2,7.645599842,1.326948524,1.503449202,0.979332566,0.665039897,0.495260328,0.242793396,Western Europe
22,Denmark,2021,2,7.62,1.502,1.108,0.763,0.686,0.485,0.208,Western Europe
23,Denmark,2022,2,7.636,1.953,1.243,0.777,0.719,0.532,0.188,Western Europe
24,Norway,2015,4,7.522,1.459,1.33095,0.88521,0.66973,0.36503,0.34699,Western Europe
25,Norway,2016,4,7.498,1.57744,1.1269,0.79579,0.59609,0.35776,0.37895,Western Europe
26,Norway,2017,1,7.53700017929077,1.61646318435669,1.53352355957031,0.796666502952576,0.635422587394714,0.315963834524155,0.36201223731041,Western Europe
27,Norway,2018,2,7.594,1.456,1.582,0.861,0.686,0.34,0.286,Western Europe
28,Norway,2019,3,7.554,1.488,1.582,1.028,0.603,0.341,0.271,Western Europe
29,Norway,2020,5,7.487999916,1.42420733,1.495172501,1.008071899,0.670200884,0.434100568,0.287985086,Western Europe
30,Norway,2021,6,7.392,1.543,1.108,0.782,0.703,0.427,0.249,Western Europe
31,Norway,2022,8,7.365,1.997,1.239,0.786,0.728,0.474,0.217,Western Europe
32,Canada,2015,5,7.427,1.32629,1.32261,0.90563,0.63297,0.32957,0.45811,North America
33,Canada,2016,6,7.404,1.44015,1.0961,0.8276,0.5737,0.31329,0.44834,North America
34,Canada,2017,7,7.31599998474121,1.47920441627502,1.48134899139404,0.83455765247345,0.611100912094116,0.287371516227722,0.435539722442627,North America
35,Canada,2018,7,7.328,1.33,1.532,0.896,0.653,0.291,0.321,North America
36,Canada,2019,9,7.278,1.365,1.505,1.039,0.584,0.308,0.285,North America
37,Canada,2020,11,7.23210001,1.301647663,1.435391903,1.022501945,0.644028127,0.351701856,0.28152892,North America
38,Canada,2021,14,7.103,1.447,1.044,0.798,0.648,0.335,0.246,North America
39,Canada,2022,15,7.025,1.886,1.188,0.783,0.659,0.368,0.217,North America
40,Finland,2015,6,7.406,1.29025,1.31826,0.88911,0.64169,0.41372,0.23351,Western Europe
41,Finland,2016,5,7.413,1.40598,1.13464,0.81091,0.57104,0.41004,0.25492,Western Europe
42,Finland,2017,5,7.4689998626709,1.44357192516327,1.5402467250824,0.80915766954422,0.617950856685638,0.38261154294014,0.24548277258873,Western Europe
43,Finland,2018,1,7.632,1.305,1.592,0.874,0.681,0.393,0.202,Western Europe
44,Finland,2019,1,7.769,1.34,1.587,0.986,0.596,0.393,0.153,Western Europe
45,Finland,2020,1,7.808700085,1.285189509,1.499525905,0.961271405,0.66231674,0.477857262,0.159670442,Western Europe
46,Finland,2021,1,7.842,1.446,1.106,0.741,0.691,0.481,0.124,Western Europe
47,Finland,2022,1,7.821,1.892,1.258,0.775,0.736,0.534,0.109,Western Europe
48,Netherlands,2015,7,7.378,1.32944,1.28017,0.89284,0.61576,0.31814,0.4761,Western Europe
49,Netherlands,2016,7,7.339,1.46468,1.02912,0.81231,0.55211,0.29927,0.47416,Western Europe
50,Netherlands,2017,6,7.3769998550415,1.50394463539124,1.42893922328949,0.810696125030518,0.585384488105774,0.282661825418472,0.470489829778671,Western Europe
51,Netherlands,2018,6,7.441,1.361,1.488,0.878,0.638,0.295,0.333,Western Europe
52,Netherlands,2019,5,7.488,1.396,1.522,0.999,0.557,0.298,0.322,Western Europe
53,Netherlands,2020,6,7.448900223,1.338946342,1.463645935,0.975675344,0.61362648,0.368569762,0.336317569,Western Europe
54,Netherlands,2021,5,7.464,1.501,1.079,0.753,0.647,0.384,0.302,Western Europe
55,Netherlands,2022,5,7.415,1.945,1.206,0.787,0.651,0.419,0.271,Western Europe
56,Sweden,2015,8,7.364,1.33171,1.28907,0.91087,0.6598,0.43844,0.36262,Western Europe
57,Sweden,2016,10,7.291,1.45181,1.08764,0.83121,0.58218,0.40867,0.38254,Western Europe
58,Sweden,2017,9,7.28399991989136,1.49438726902008,1.47816216945648,0.830875158309937,0.612924098968506,0.384398728609085,0.385399252176285,Western Europe
59,Sweden,2018,9,7.314,1.355,1.501,0.913,0.659,0.383,0.285,Western Europe
60,Sweden,2019,7,7.343,1.387,1.487,1.009,0.574,0.373,0.267,Western Europe
61,Sweden,2020,7,7.353499889,1.322235227,1.433347702,0.986470461,0.650297701,0.442066371,0.272827893,Western Europe
62,Sweden,2021,7,7.363,1.478,1.062,0.763,0.685,0.448,0.244,Western Europe
63,Sweden,2022,7,7.384,1.92,1.204,0.803,0.724,0.512,0.218,Western Europe
64,New Zealand,2015,9,7.286,1.25018,1.31967,0.90837,0.63938,0.42922,0.47501,Australia and New Zealand
65,New Zealand,2016,8,7.334,1.36066,1.17278,0.83096,0.58147,0.41904,0.49401,Australia and New Zealand
66,New Zealand,2017,8,7.31400012969971,1.40570604801178,1.54819512367249,0.816759705543518,0.614062130451202,0.382816702127457,0.500005125999451,Australia and New Zealand
67,New Zealand,2018,8,7.324,1.268,1.601,0.876,0.669,0.389,0.365,Australia and New Zealand
68,New Zealand,2019,8,7.307,1.303,1.557,1.026,0.585,0.38,0.33,Australia and New Zealand
69,New Zealand,2020,8,7.299600124,1.242317915,1.48721838,1.008138299,0.646789908,0.461268276,0.325726211,Australia and New Zealand
70,New Zealand,2021,9,7.277,1.4,1.094,0.785,0.665,0.445,0.276,Australia and New Zealand
71,New Zealand,2022,10,7.2,1.852,1.235,0.752,0.68,0.483,0.245,Australia and New Zealand
72,Australia,2015,10,7.284,1.33358,1.30923,0.93156,0.65124,0.35637,0.43562,Australia and New Zealand
73,Australia,2016,9,7.313,1.44443,1.10476,0.8512,0.56837,0.32331,0.47407,Australia and New Zealand
74,Australia,2017,10,7.28399991989136,1.484414935112,1.51004195213318,0.84388679265976,0.601607382297516,0.301183730363846,0.477699249982834,Australia and New Zealand
75,Australia,2018,10,7.272,1.34,1.573,0.91,0.647,0.302,0.361,Australia and New Zealand
76,Australia,2019,11,7.228,1.372,1.548,1.036,0.557,0.29,0.332,Australia and New Zealand
77,Australia,2020,12,7.222799778,1.310396433,1.477146268,1.022607684,0.621877193,0.335996419,0.324973613,Australia and New Zealand
78,Australia,2021,11,7.183,1.453,1.076,0.801,0.647,0.317,0.291,Australia and New Zealand
79,Australia,2022,12,7.162,1.9,1.203,0.772,0.676,0.341,0.258,Australia and New Zealand
80,Israel,2015,11,7.278,1.22857,1.22393,0.91387,0.41319,0.07785,0.33172,Middle East and Northern Africa
81,Israel,2016,11,7.267,1.33766,0.99537,0.84917,0.36432,0.08728,0.32288,Middle East and Northern Africa
82,Israel,2017,11,7.21299982070923,1.37538242340088,1.37628996372223,0.83840399980545,0.405988603830338,0.0852421000599861,0.330082654953003,Middle East and Northern Africa
83,Israel,2018,19,6.814,1.301,1.559,0.883,0.533,0.272,0.354,Middle East and Northern Africa
84,Israel,2019,13,7.139,1.276,1.455,1.029,0.371,0.082,0.261,Middle East and Northern Africa
85,Israel,2020,14,7.128600121,1.216463685,1.403256774,1.008052945,0.420699477,0.09989845,0.266861796,Middle East and Northern Africa
86,Israel,2021,12,7.157,1.376,1.074,0.788,0.509,0.119,0.208,Middle East and Northern Africa
87,Israel,2022,9,7.364,1.826,1.221,0.818,0.568,0.143,0.155,Middle East and Northern Africa
88,Costa Rica,2015,12,7.226,0.95578,1.23788,0.86027,0.63376,0.10583,0.25497,Latin America and Caribbean
89,Costa Rica,2016,14,7.087,1.06879,1.02152,0.76146,0.55225,0.10547,0.22553,Latin America and Caribbean
90,Costa Rica,2017,12,7.0789999961853,1.10970628261566,1.41640365123749,0.759509265422821,0.580131649971008,0.100106589496136,0.214613229036331,Latin America and Caribbean
91,Costa Rica,2018,13,7.072,1.01,1.459,0.817,0.632,0.101,0.143,Latin America and Caribbean
92,Costa Rica,2019,12,7.167,1.034,1.441,0.963,0.558,0.093,0.144,Latin America and Caribbean
93,Costa Rica,2020,15,7.121399879,0.981107712,1.374853611,0.939635336,0.645017743,0.096362092,0.131266311,Latin America and Caribbean
94,Costa Rica,2021,16,7.069,1.134,0.966,0.722,0.673,0.083,0.105,Latin America and Caribbean
95,Costa Rica,2022,23,6.582,1.584,1.054,0.744,0.661,0.102,0.089,Latin America and Caribbean
96,Austria,2015,13,7.2,1.33723,1.29704,0.89042,0.62433,0.18676,0.33088,Western Europe
97,Austria,2016,12,7.119,1.45038,1.08383,0.80565,0.54355,0.21348,0.32865,Western Europe
98,Austria,2017,13,7.00600004196167,1.48709726333618,1.4599449634552,0.815328419208527,0.567766189575195,0.221060365438461,0.316472321748734,Western Europe
99,Austria,2018,12,7.139,1.341,1.504,0.891,0.617,0.224,0.242,Western Europe
100,Austria,2019,10,7.246,1.376,1.475,1.016,0.532,0.226,0.244,Western Europe
101,Austria,2020,9,7.294199944,1.317285538,1.437444925,1.000933528,0.603368878,0.281256139,0.255509764,Western Europe
102,Austria,2021,10,7.268,1.492,1.062,0.782,0.64,0.292,0.215,Western Europe
103,Austria,2022,11,7.163,1.931,1.165,0.774,0.623,0.329,0.193,Western Europe
104,Mexico,2015,14,7.187,1.02054,0.91451,0.81444,0.48181,0.21312,0.14074,Latin America and Caribbean
105,Mexico,2016,21,6.778,1.11508,0.7146,0.71143,0.37709,0.18355,0.11735,Latin America and Caribbean
106,Mexico,2017,25,6.57800006866455,1.15318381786346,1.210862159729,0.709978997707367,0.412730008363724,0.132774114608765,0.120990432798862,Latin America and Caribbean
107,Mexico,2018,24,6.488,1.038,1.252,0.761,0.479,0.095,0.069,Latin America and Caribbean
108,Mexico,2019,23,6.595,1.07,1.323,0.861,0.433,0.073,0.074,Latin America and Caribbean
109,Mexico,2020,24,6.465000153,1.024387479,1.226333499,0.831601024,0.553892553,0.083133668,0.083094485,Latin America and Caribbean
110,Mexico,2021,36,6.317,1.126,0.83,0.634,0.585,0.089,0.092,Latin America and Caribbean
111,Mexico,2022,46,6.128,1.552,0.886,0.623,0.621,0.115,0.092,Latin America and Caribbean
112,United States,2015,15,7.119,1.39451,1.24711,0.86179,0.54604,0.1589,0.40105,North America
113,United States,2016,13,7.104,1.50796,1.04782,0.779,0.48163,0.14868,0.41077,North America
114,United States,2017,14,6.99300003051758,1.54625928401947,1.41992056369781,0.77428662776947,0.505740523338318,0.135638788342476,0.392578780651093,North America
115,United States,2018,18,6.886,1.398,1.471,0.819,0.547,0.133,0.291,North America
116,United States,2019,19,6.892,1.433,1.457,0.874,0.454,0.128,0.28,North America
117,United States,2020,18,6.939599991,1.37398684,1.404786706,0.831618011,0.534608245,0.152284741,0.298143059,North America
118,United States,2021,19,6.951,1.533,1.03,0.621,0.554,0.154,0.252,North America
119,United States,2022,16,6.977,1.982,1.182,0.628,0.574,0.177,0.22,North America
120,Brazil,2015,16,6.983,0.98124,1.23287,0.69702,0.49049,0.17521,0.14574,Latin America and Caribbean
121,Brazil,2016,17,6.952,1.08754,1.03938,0.61415,0.40425,0.14166,0.15776,Latin America and Caribbean
122,Brazil,2017,22,6.63500022888184,1.10735321044922,1.43130600452423,0.616552352905273,0.437453746795654,0.111092761158943,0.16234989464283,Latin America and Caribbean
123,Brazil,2018,28,6.419,0.986,1.474,0.675,0.493,0.088,0.11,Latin America and Caribbean
124,Brazil,2019,32,6.3,1.004,1.439,0.802,0.39,0.086,0.099,Latin America and Caribbean
125,Brazil,2020,32,6.375599861,0.952679873,1.363464117,0.766119063,0.483292729,0.106518604,0.131674588,Latin America and Caribbean
126,Brazil,2021,35,6.33,1.028,0.944,0.571,0.514,0.117,0.142,Latin America and Caribbean
127,Brazil,2022,38,6.293,1.462,1.044,0.615,0.546,0.134,0.131,Latin America and Caribbean
135,Ireland,2015,18,6.94,1.33596,1.36948,0.89533,0.61777,0.28703,0.45901,Western Europe
136,Ireland,2016,19,6.907,1.48341,1.16157,0.81455,0.54008,0.29754,0.44963,Western Europe
137,Ireland,2017,15,6.97700023651123,1.53570663928986,1.55823111534119,0.80978262424469,0.573110342025757,0.29838815331459,0.42785832285881,Western Europe
138,Ireland,2018,14,6.977,1.448,1.583,0.876,0.614,0.306,0.307,Western Europe
139,Ireland,2019,16,7.021,1.499,1.553,0.999,0.516,0.31,0.298,Western Europe
140,Ireland,2020,16,7.093699932,1.446886778,1.470596433,0.975670695,0.587779939,0.373433262,0.295426995,Western Europe
141,Ireland,2021,15,7.085,1.644,1.092,0.753,0.606,0.367,0.238,Western Europe
142,Ireland,2022,13,7.041,2.129,1.166,0.779,0.627,0.408,0.19,Western Europe
143,Belgium,2015,19,6.937,1.30782,1.28566,0.89667,0.5845,0.2254,0.2225,Western Europe
144,Belgium,2016,18,6.929,1.42539,1.05249,0.81959,0.51354,0.26248,0.2424,Western Europe
145,Belgium,2017,17,6.89099979400635,1.46378076076508,1.46231269836426,0.818091869354248,0.539770722389221,0.251343131065369,0.231503337621689,Western Europe
146,Belgium,2018,16,6.927,1.324,1.483,0.894,0.583,0.24,0.188,Western Europe
147,Belgium,2019,18,6.923,1.356,1.504,0.986,0.473,0.21,0.16,Western Europe
148,Belgium,2020,20,6.863500118,1.295842767,1.398677588,0.964901149,0.499805421,0.208724052,0.146966159,Western Europe
149,Belgium,2021,20,6.834,1.463,0.998,0.747,0.489,0.187,0.088,Western Europe
150,Belgium,2022,19,6.805,1.907,1.106,0.764,0.492,0.204,0.049,Western Europe
151,United Arab Emirates,2015,20,6.901,1.42727,1.12575,0.80925,0.64157,0.38583,0.26428,Middle East and Northern Africa
152,United Arab Emirates,2016,28,6.573,1.57352,0.87114,0.72993,0.56215,0.35561,0.26591,Middle East and Northern Africa
153,United Arab Emirates,2017,21,6.64799976348877,1.62634336948395,1.26641023159027,0.726798236370087,0.60834527015686,0.324489563703537,0.3609419465065,Middle East and Northern Africa
154,United Arab Emirates,2018,20,6.774,2.096,0.776,0.67,0.284,0.2773061545290767,0.186,Middle East and Northern Africa
155,United Arab Emirates,2019,21,6.825,1.503,1.31,0.825,0.598,0.182,0.262,Middle East and Northern Africa
156,United Arab Emirates,2020,21,6.790800095,1.431086421,1.251170993,0.787814438,0.652936101,0.220213518,0.28065598,Middle East and Northern Africa
157,United Arab Emirates,2021,25,6.561,1.555,0.86,0.594,0.67,0.223,0.236,Middle East and Northern Africa
158,United Arab Emirates,2022,24,6.576,1.998,0.98,0.633,0.702,0.25,0.204,Middle East and Northern Africa
159,United Kingdom,2015,21,6.867,1.26637,1.28548,0.90943,0.59625,0.32067,0.51912,Western Europe
160,United Kingdom,2016,23,6.725,1.40283,1.08672,0.80991,0.50036,0.27399,0.50156,Western Europe
161,United Kingdom,2017,19,6.71400022506714,1.44163393974304,1.49646008014679,0.805335938930511,0.508190035820007,0.265428066253662,0.492774158716202,Western Europe
162,United Kingdom,2018,11,7.19,1.244,1.433,0.888,0.464,0.082,0.262,Western Europe
163,United Kingdom,2019,15,7.054,1.333,1.538,0.996,0.45,0.278,0.348,Western Europe
164,United Kingdom,2020,13,7.164500237,1.273061037,1.457844973,0.97570008,0.525168657,0.322601646,0.373433441,Western Europe
165,United Kingdom,2021,17,7.064,1.423,1.062,0.757,0.58,0.306,0.34,Western Europe
166,United Kingdom,2022,17,6.943,1.867,1.143,0.75,0.597,0.329,0.289,Western Europe
168,Venezuela,2015,23,6.81,1.04424,1.25596,0.72052,0.42908,0.11069,0.05841,Latin America and Caribbean
169,Venezuela,2016,44,6.084,1.13367,1.03302,0.61904,0.19847,0.08304,0.0425,Latin America and Caribbean
170,Venezuela,2017,82,5.25,1.12843120098114,1.43133759498596,0.617144227027893,0.153997123241425,0.0644911229610443,0.0650196298956871,Latin America and Caribbean
171,Venezuela,2018,102,4.806,0.996,1.469,0.657,0.133,0.052,0.056,Latin America and Caribbean
172,Venezuela,2019,108,4.707,0.96,1.427,0.805,0.154,0.047,0.064,Latin America and Caribbean
173,Venezuela,2020,99,5.053199768,0.770238638,1.348546863,0.76702553,0.271717221,0.063624777,0.087179154,Latin America and Caribbean
174,Venezuela,2021,107,4.892,0.852,0.897,0.574,0.284,0.072,0.078,Latin America and Caribbean
175,Venezuela,2022,108,4.925,0.0,0.968,0.578,0.283,0.082,0.225,Latin America and Caribbean
176,Singapore,2015,24,6.798,1.52186,1.02,1.02525,0.54252,0.4921,0.31105,Southeastern Asia
177,Singapore,2016,22,6.739,1.64555,0.86758,0.94719,0.4877,0.46987,0.32706,Southeastern Asia
178,Singapore,2017,26,6.57200002670288,1.69227766990662,1.35381436347961,0.949492394924164,0.549840569496155,0.46430778503418,0.345965981483459,Southeastern Asia
179,Singapore,2018,34,6.343,1.529,1.451,1.008,0.631,0.457,0.261,Southeastern Asia
180,Singapore,2019,34,6.262,1.572,1.463,1.141,0.556,0.453,0.271,Southeastern Asia
181,Singapore,2020,31,6.377099991,1.519580126,1.39545691,1.137814283,0.635317206,0.533162236,0.218770906,Southeastern Asia
182,Singapore,2021,32,6.377,1.695,1.019,0.897,0.664,0.547,0.176,Southeastern Asia
183,Singapore,2022,27,6.48,2.149,1.127,0.851,0.672,0.587,0.163,Southeastern Asia
184,Panama,2015,25,6.786,1.06353,1.1985,0.79661,0.5421,0.0927,0.24434,Latin America and Caribbean
185,Panama,2016,25,6.701,1.18306,0.98912,0.70835,0.48927,0.08423,0.2418,Latin America and Caribbean
186,Panama,2017,30,6.4520001411438,1.23374843597412,1.37319254875183,0.706156134605408,0.550026834011078,0.070983923971653,0.21055693924427,Latin America and Caribbean
187,Panama,2018,27,6.43,1.112,1.438,0.759,0.597,0.063,0.125,Latin America and Caribbean
188,Panama,2019,31,6.321,1.149,1.442,0.91,0.516,0.054,0.109,Latin America and Caribbean
189,Panama,2020,36,6.304800034,1.097667813,1.376149297,0.878546536,0.57984978,0.054230526,0.097207308,Latin America and Caribbean
190,Panama,2021,41,6.18,1.298,0.976,0.667,0.596,0.053,0.079,Latin America and Caribbean
191,Panama,2022,37,6.309,1.715,1.107,0.709,0.592,0.051,0.049,Latin America and Caribbean
192,Germany,2015,26,6.75,1.32792,1.29937,0.89186,0.61477,0.21843,0.28214,Western Europe
193,Germany,2016,16,6.994,1.44787,1.09774,0.81487,0.53466,0.28551,0.30452,Western Europe
194,Germany,2017,16,6.95100021362305,1.48792338371277,1.47252035140991,0.798950731754303,0.562511384487152,0.276731938123703,0.336269170045853,Western Europe
195,Germany,2018,15,6.965,1.34,1.474,0.861,0.586,0.28,0.273,Western Europe
196,Germany,2019,17,6.985,1.373,1.454,0.987,0.495,0.265,0.261,Western Europe
197,Germany,2020,17,7.075799942,1.314184546,1.368543744,0.972114801,0.564274132,0.309362292,0.252037704,Western Europe
198,Germany,2021,13,7.155,1.48,0.993,0.757,0.6,0.306,0.195,Western Europe
199,Germany,2022,14,7.034,1.924,1.088,0.776,0.585,0.358,0.163,Western Europe
200,Chile,2015,27,6.67,1.10715,1.12447,0.85857,0.44132,0.12869,0.33363,Latin America and Caribbean
201,Chile,2016,24,6.705,1.2167,0.90587,0.81883,0.37789,0.11451,0.31595,Latin America and Caribbean
202,Chile,2017,20,6.65199995040894,1.25278460979462,1.28402495384216,0.819479703903198,0.376895278692245,0.0822879821062088,0.326662421226501,Latin America and Caribbean
203,Chile,2018,25,6.476,1.131,1.331,0.808,0.431,0.061,0.197,Latin America and Caribbean
204,Chile,2019,26,6.444,1.159,1.369,0.92,0.357,0.056,0.187,Latin America and Caribbean
205,Chile,2020,39,6.228499889,1.096992493,1.323286891,0.889260828,0.417482227,0.06284935,0.155579001,Latin America and Caribbean
206,Chile,2021,43,6.172,1.2,0.946,0.678,0.438,0.07,0.159,Latin America and Caribbean
207,Chile,2022,44,6.172,1.651,1.08,0.748,0.46,0.069,0.124,Latin America and Caribbean
213,France,2015,29,6.575,1.27778,1.26038,0.94579,0.55011,0.20646,0.12332,Western Europe
214,France,2016,32,6.478,1.39488,1.00508,0.83795,0.46562,0.17808,0.1216,Western Europe
215,France,2017,31,6.44199991226196,1.43092346191406,1.38777685165405,0.844465851783752,0.470222115516663,0.172502428293228,0.129762306809425,Western Europe
216,France,2018,23,6.489,1.293,1.466,0.908,0.52,0.176,0.098,Western Europe
217,France,2019,24,6.592,1.324,1.472,1.045,0.436,0.183,0.111,Western Europe
218,France,2020,23,6.663799763,1.268129349,1.458839178,1.029714227,0.514050901,0.227303237,0.112607703,Western Europe
219,France,2021,21,6.69,1.421,1.081,0.804,0.536,0.235,0.092,Western Europe
220,France,2022,20,6.687,1.863,1.219,0.808,0.567,0.266,0.07,Western Europe
221,Argentina,2015,30,6.574,1.05351,1.24823,0.78723,0.44974,0.08484,0.11451,Latin America and Caribbean
222,Argentina,2016,26,6.65,1.15137,1.06612,0.69711,0.42284,0.07296,0.10989,Latin America and Caribbean
223,Argentina,2017,24,6.59899997711182,1.18529546260834,1.44045114517212,0.695137083530426,0.494519203901291,0.059739887714386,0.109457060694695,Latin America and Caribbean
224,Argentina,2018,29,6.388,1.073,1.468,0.744,0.57,0.054,0.062,Latin America and Caribbean
225,Argentina,2019,47,6.086,1.092,1.432,0.881,0.471,0.05,0.066,Latin America and Caribbean
226,Argentina,2020,55,5.974699974,1.028465629,1.372543693,0.849773705,0.520840347,0.060415059,0.070100471,Latin America and Caribbean
227,Argentina,2021,57,5.929,1.162,0.98,0.646,0.544,0.067,0.069,Latin America and Caribbean
228,Argentina,2022,57,5.967,1.592,1.102,0.662,0.555,0.085,0.081,Latin America and Caribbean
236,Uruguay,2015,32,6.485,1.06166,1.2089,0.8116,0.60362,0.24558,0.2324,Latin America and Caribbean
237,Uruguay,2016,29,6.545,1.18157,1.03143,0.72183,0.54388,0.21394,0.18056,Latin America and Caribbean
238,Uruguay,2017,28,6.4539999961853,1.21755969524384,1.41222786903381,0.719216823577881,0.57939225435257,0.178061872720718,0.175096929073334,Latin America and Caribbean
239,Uruguay,2018,31,6.379,1.093,1.459,0.771,0.625,0.155,0.13,Latin America and Caribbean
240,Uruguay,2019,33,6.293,1.124,1.465,0.891,0.523,0.15,0.127,Latin America and Caribbean
241,Uruguay,2020,26,6.440100193,1.071000457,1.425081134,0.856928885,0.59426707,0.193425074,0.132143691,Latin America and Caribbean
242,Uruguay,2021,31,6.431,1.164,1.042,0.649,0.625,0.223,0.128,Latin America and Caribbean
243,Uruguay,2022,30,6.474,1.615,1.18,0.672,0.665,0.265,0.103,Latin America and Caribbean
244,Colombia,2015,33,6.477,0.91861,1.24018,0.69077,0.53466,0.0512,0.18401,Latin America and Caribbean
245,Colombia,2016,31,6.481,1.03032,1.02169,0.59659,0.44735,0.05399,0.15626,Latin America and Caribbean
246,Colombia,2017,36,6.35699987411499,1.07062232494354,1.4021829366684,0.595027923583984,0.477487415075302,0.0466687418520451,0.149014472961426,Latin America and Caribbean
247,Colombia,2018,37,6.26,0.96,1.439,0.635,0.531,0.039,0.099,Latin America and Caribbean
248,Colombia,2019,43,6.125,0.985,1.41,0.841,0.47,0.034,0.099,Latin America and Caribbean
249,Colombia,2020,44,6.163400173,0.93220371,1.33445096,0.810020149,0.526890039,0.04584837,0.092374094,Latin America and Caribbean
250,Colombia,2021,52,6.012,1.021,0.866,0.615,0.554,0.063,0.1,Latin America and Caribbean
251,Colombia,2022,66,5.781,1.452,0.929,0.72,0.545,0.077,0.087,Latin America and Caribbean
252,Thailand,2015,34,6.455,0.9669,1.26504,0.7385,0.55664,0.03187,0.5763,Southeastern Asia
253,Thailand,2016,33,6.474,1.0893,1.04477,0.64915,0.49553,0.02833,0.58696,Southeastern Asia
254,Thailand,2017,32,6.42399978637695,1.12786877155304,1.42579245567322,0.647239029407501,0.580200731754303,0.0316127352416515,0.572123110294342,Southeastern Asia
255,Thailand,2018,46,6.072,1.016,1.417,0.707,0.637,0.029,0.364,Southeastern Asia
256,Thailand,2019,52,6.008,1.05,1.409,0.828,0.557,0.028,0.359,Southeastern Asia
257,Thailand,2020,54,5.998799801,1.007029295,1.347519517,0.793855846,0.609449804,0.031837862,0.376709014,Southeastern Asia
258,Thailand,2021,54,5.985,1.107,0.957,0.596,0.611,0.028,0.375,Southeastern Asia
259,Thailand,2022,61,5.891,1.535,1.096,0.697,0.617,0.026,0.321,Southeastern Asia
260,Saudi Arabia,2015,35,6.411,1.39541,1.08393,0.72025,0.31048,0.32524,0.13706,Middle East and Northern Africa
261,Saudi Arabia,2016,34,6.379,1.48953,0.84829,0.59267,0.37904,0.30008,0.15457,Middle East and Northern Africa
262,Saudi Arabia,2017,37,6.3439998626709,1.53062355518341,1.28667759895325,0.590148329734802,0.449750572443008,0.27343225479126,0.147616013884544,Middle East and Northern Africa
263,Saudi Arabia,2018,33,6.371,1.379,1.331,0.633,0.509,0.127,0.098,Middle East and Northern Africa
264,Saudi Arabia,2019,28,6.375,1.403,1.357,0.795,0.439,0.132,0.08,Middle East and Northern Africa
265,Saudi Arabia,2020,27,6.406499863,1.334328532,1.309950113,0.759818137,0.548477471,0.163322315,0.087440684,Middle East and Northern Africa
266,Saudi Arabia,2021,26,6.494,1.435,0.964,0.571,0.603,0.163,0.09,Middle East and Northern Africa
267,Saudi Arabia,2022,25,6.523,1.87,1.092,0.577,0.651,0.18,0.078,Middle East and Northern Africa
268,Spain,2015,36,6.329,1.23011,1.31379,0.95562,0.45951,0.06398,0.18227,Western Europe
269,Spain,2016,37,6.361,1.34253,1.12945,0.87896,0.37545,0.06137,0.17665,Western Europe
270,Spain,2017,34,6.40299987792969,1.38439786434174,1.53209090232849,0.888960599899292,0.408781230449677,0.0709140971302986,0.190133571624756,Western Europe
271,Spain,2018,36,6.31,1.251,1.538,0.965,0.449,0.074,0.142,Western Europe
272,Spain,2019,30,6.354,1.286,1.484,1.062,0.362,0.079,0.153,Western Europe
273,Spain,2020,28,6.400899887,1.230535269,1.421099186,1.051343083,0.425983816,0.109579779,0.16530548,Western Europe
274,Spain,2021,27,6.491,1.375,1.057,0.826,0.462,0.124,0.135,Western Europe
275,Spain,2022,29,6.476,1.808,1.211,0.808,0.505,0.149,0.101,Western Europe
276,Malta,2015,37,6.302,1.2074,1.30203,0.88721,0.60365,0.13586,0.51752,Western Europe
277,Malta,2016,30,6.488,1.30782,1.09879,0.80315,0.54994,0.17554,0.56237,Western Europe
278,Malta,2017,27,6.52699995040894,1.34327983856201,1.48841166496277,0.821944236755371,0.588767051696777,0.153066068887711,0.574730575084686,Western Europe
279,Malta,2018,22,6.627,1.27,1.525,0.884,0.645,0.142,0.376,Western Europe
280,Malta,2019,22,6.726,1.3,1.52,0.999,0.564,0.151,0.375,Western Europe
281,Malta,2020,22,6.772799969,1.252513289,1.442956924,0.972042024,0.633239031,0.178864077,0.341180831,Western Europe
282,Malta,2021,23,6.602,1.411,1.055,0.747,0.664,0.183,0.275,Western Europe
283,Malta,2022,33,6.447,1.838,1.169,0.789,0.679,0.166,0.174,Western Europe
301,El Salvador,2015,42,6.13,0.76454,1.02507,0.67737,0.4035,0.11776,0.10692,Latin America and Caribbean
302,El Salvador,2016,46,6.068,0.8737,0.80975,0.596,0.37269,0.10613,0.08877,Latin America and Caribbean
303,El Salvador,2017,45,6.00299978256226,0.909784495830536,1.18212509155273,0.596018552780151,0.432452529668808,0.0899809598922729,0.0782579854130745,Latin America and Caribbean
304,El Salvador,2018,40,6.167,0.806,1.231,0.639,0.461,0.082,0.065,Latin America and Caribbean
305,El Salvador,2019,35,6.253,0.794,1.242,0.789,0.43,0.074,0.093,Latin America and Caribbean
306,El Salvador,2020,34,6.34829998,0.748940408,1.149397612,0.752730012,0.524043918,0.117030352,0.1189363,Latin America and Caribbean
307,El Salvador,2021,49,6.061,0.845,0.675,0.565,0.615,0.16,0.116,Latin America and Caribbean
308,El Salvador,2022,49,6.12,1.265,0.768,0.607,0.666,0.212,0.089,Latin America and Caribbean
316,Uzbekistan,2015,44,6.003,0.63244,1.34043,0.59772,0.65821,0.30826,0.22837,Central and Eastern Europe
317,Uzbekistan,2016,49,5.987,0.73591,1.1681,0.50163,0.60848,0.28333,0.34326,Central and Eastern Europe
318,Uzbekistan,2017,47,5.97100019454956,0.786441087722778,1.54896914958954,0.498272627592087,0.658248662948608,0.246528223156929,0.415983647108078,Central and Eastern Europe
319,Uzbekistan,2018,44,6.096,0.719,1.584,0.605,0.724,0.259,0.328,Central and Eastern Europe
320,Uzbekistan,2019,41,6.174,0.745,1.529,0.756,0.631,0.24,0.322,Central and Eastern Europe
321,Uzbekistan,2020,38,6.257599831,0.696652949,1.434020042,0.716703713,0.693270326,0.280260265,0.363311023,Central and Eastern Europe
322,Uzbekistan,2021,42,6.179,0.769,1.027,0.528,0.716,0.271,0.391,Central and Eastern Europe
323,Uzbekistan,2022,53,6.063,1.219,1.092,0.6,0.716,0.24,0.283,Central and Eastern Europe
324,Slovakia,2015,45,5.995,1.16891,1.26999,0.78902,0.31751,0.03431,0.16893,Central and Eastern Europe
325,Slovakia,2016,45,6.078,1.27973,1.08268,0.70367,0.23391,0.02947,0.13837,Central and Eastern Europe
326,Slovakia,2017,40,6.09800004959106,1.32539355754852,1.50505924224854,0.712732911109924,0.295817464590073,0.0242108516395092,0.136544480919838,Central and Eastern Europe
327,Slovakia,2018,39,6.173,1.21,1.537,0.776,0.354,0.014,0.118,Central and Eastern Europe
328,Slovakia,2019,38,6.198,1.246,1.504,0.881,0.334,0.014,0.121,Central and Eastern Europe
329,Slovakia,2020,37,6.280600071,1.194837689,1.424331188,0.853465259,0.423542529,0.011291441,0.116729774,Central and Eastern Europe
330,Slovakia,2021,34,6.331,1.304,1.066,0.653,0.468,0.018,0.107,Central and Eastern Europe
331,Slovakia,2022,35,6.391,1.736,1.232,0.707,0.479,0.025,0.118,Central and Eastern Europe
332,Japan,2015,46,5.987,1.27074,1.25712,0.99111,0.49615,0.1806,0.10705,Eastern Asia
333,Japan,2016,53,5.921,1.38007,1.06054,0.91491,0.46761,0.18985,0.10224,Eastern Asia
334,Japan,2017,51,5.92000007629395,1.41691517829895,1.43633782863617,0.913475871086121,0.505625545978546,0.163760736584663,0.12057276815176,Eastern Asia
335,Japan,2018,54,5.915,1.294,1.462,0.988,0.553,0.15,0.079,Eastern Asia
336,Japan,2019,58,5.886,1.327,1.419,1.088,0.445,0.14,0.069,Eastern Asia
337,Japan,2020,62,5.870800018,1.26672411,1.332338691,1.072881341,0.495465875,0.181439638,0.03571178,Eastern Asia
338,Japan,2021,56,5.94,1.389,0.949,0.838,0.504,0.192,0.02,Eastern Asia
339,Japan,2022,54,6.039,1.835,1.089,0.866,0.537,0.218,0.007,Eastern Asia
340,South Korea,2015,47,5.984,1.24461,0.95774,0.96538,0.33208,0.07857,0.18557,Eastern Asia
341,South Korea,2016,57,5.835,1.35948,0.72194,0.88645,0.25168,0.07716,0.18824,Eastern Asia
342,South Korea,2017,55,5.83799982070923,1.40167844295502,1.12827444076538,0.900214076042175,0.257921665906906,0.0632826685905457,0.206674367189407,Eastern Asia
343,South Korea,2018,57,5.875,1.266,1.204,0.955,0.244,0.051,0.175,Eastern Asia
344,South Korea,2019,54,5.895,1.301,1.219,1.036,0.159,0.056,0.175,Eastern Asia
345,South Korea,2020,61,5.872399807,1.245300651,1.133560538,1.022542596,0.25935635,0.094596282,0.170303866,Eastern Asia
346,South Korea,2021,62,5.845,1.403,0.758,0.801,0.353,0.135,0.134,Eastern Asia
347,South Korea,2022,59,5.935,1.851,0.886,0.841,0.414,0.176,0.111,Eastern Asia
348,Ecuador,2015,48,5.975,0.86402,0.99903,0.79075,0.48574,0.1809,0.11541,Latin America and Caribbean
349,Ecuador,2016,51,5.976,0.97306,0.85974,0.68613,0.4027,0.18037,0.10074,Latin America and Caribbean
350,Ecuador,2017,44,6.00799989700317,1.00082039833069,1.28616881370544,0.685636222362518,0.4551981985569,0.140134647488594,0.150112465023994,Latin America and Caribbean
351,Ecuador,2018,48,5.973,0.889,1.33,0.736,0.556,0.12,0.114,Latin America and Caribbean
352,Ecuador,2019,50,6.028,0.912,1.312,0.868,0.498,0.087,0.126,Latin America and Caribbean
353,Ecuador,2020,58,5.925199986,0.853383601,1.221027613,0.838837743,0.555234551,0.086753383,0.115006477,Latin America and Caribbean
354,Ecuador,2021,66,5.764,0.935,0.806,0.64,0.56,0.062,0.107,Latin America and Caribbean
355,Ecuador,2022,76,5.533,1.352,0.879,0.708,0.565,0.083,0.08,Latin America and Caribbean
356,Bahrain,2015,49,5.96,1.32376,1.21624,0.74716,0.45492,0.306,0.17362,Middle East and Northern Africa
357,Bahrain,2016,42,6.218,1.44024,0.94397,0.65696,0.47375,0.25772,0.17147,Middle East and Northern Africa
358,Bahrain,2017,41,6.08699989318848,1.48841226100922,1.32311046123505,0.653133034706116,0.536746919155121,0.257042169570923,0.172668486833572,Middle East and Northern Africa
359,Bahrain,2018,43,6.105,1.338,1.366,0.698,0.594,0.123,0.243,Middle East and Northern Africa
360,Bahrain,2019,37,6.199,1.362,1.368,0.871,0.536,0.11,0.255,Middle East and Northern Africa
361,Bahrain,2020,40,6.227300167,1.296692252,1.31532371,0.838836372,0.610399902,0.126697257,0.287453711,Middle East and Northern Africa
362,Bahrain,2021,22,6.647,1.409,0.899,0.662,0.661,0.139,0.246,Middle East and Northern Africa
363,Bahrain,2022,21,6.647,1.854,1.029,0.625,0.693,0.155,0.199,Middle East and Northern Africa
364,Italy,2015,50,5.948,1.25114,1.19777,0.95446,0.26236,0.02901,0.22823,Western Europe
365,Italy,2016,50,5.977,1.35495,1.04167,0.85102,0.18827,0.02556,0.16684,Western Europe
366,Italy,2017,48,5.96400022506714,1.39506661891937,1.44492328166962,0.853144347667694,0.256450712680817,0.0280280914157629,0.17278964817524,Western Europe
367,Italy,2018,47,6.0,1.264,1.501,0.946,0.281,0.028,0.137,Western Europe
368,Italy,2019,36,6.223,1.294,1.488,1.039,0.231,0.03,0.158,Western Europe
369,Italy,2020,30,6.38740015,1.236396074,1.347296,1.022504926,0.321305573,0.040145598,0.170266211,Western Europe
370,Italy,2021,28,6.483,1.393,0.94,0.798,0.379,0.047,0.133,Western Europe
371,Italy,2022,31,6.467,1.834,1.052,0.801,0.412,0.059,0.085,Western Europe
372,Bolivia,2015,51,5.89,0.68133,0.97841,0.5392,0.57414,0.088,0.20536,Latin America and Caribbean
373,Bolivia,2016,59,5.822,0.79422,0.83779,0.4697,0.50961,0.07746,0.21698,Latin America and Caribbean
374,Bolivia,2017,58,5.82299995422363,0.833756566047668,1.22761905193329,0.473630249500275,0.558732926845551,0.0604777261614799,0.22556072473526,Latin America and Caribbean
375,Bolivia,2018,62,5.752,0.751,1.223,0.508,0.606,0.054,0.141,Latin America and Caribbean
376,Bolivia,2019,61,5.779,0.776,1.209,0.706,0.511,0.064,0.137,Latin America and Caribbean
377,Bolivia,2020,65,5.747499943,0.730976343,1.142350554,0.662445664,0.5744645,0.072942637,0.138375074,Latin America and Caribbean
378,Bolivia,2021,69,5.716,0.842,0.782,0.486,0.6,0.064,0.138,Latin America and Caribbean
379,Bolivia,2022,71,5.6,1.256,0.88,0.555,0.627,0.064,0.112,Latin America and Caribbean
380,Moldova,2015,52,5.889,0.59448,1.01528,0.61826,0.32818,0.01615,0.20951,Central and Eastern Europe
381,Moldova,2016,55,5.897,0.69177,0.83132,0.52309,0.25202,0.01903,0.19997,Central and Eastern Europe
382,Moldova,2017,56,5.83799982070923,0.728870630264282,1.25182557106018,0.589465200901031,0.240729048848152,0.0100912861526012,0.208779126405716,Central and Eastern Europe
383,Moldova,2018,67,5.64,0.657,1.301,0.62,0.232,0.0,0.171,Central and Eastern Europe
384,Moldova,2019,71,5.529,0.685,1.328,0.739,0.245,0.0,0.181,Central and Eastern Europe
385,Moldova,2020,70,5.607500076,0.707916796,1.237312198,0.713299453,0.389571488,0.014378744,0.174049184,Central and Eastern Europe
386,Moldova,2021,65,5.766,0.985,0.888,0.542,0.536,0.013,0.137,Central and Eastern Europe
387,Moldova,2022,62,5.857,1.417,1.008,0.597,0.561,0.028,0.102,Central and Eastern Europe
388,Paraguay,2015,53,5.878,0.75985,1.30477,0.66098,0.53899,0.08242,0.3424,Latin America and Caribbean
389,Paraguay,2016,70,5.538,0.89373,1.11111,0.58295,0.46235,0.07396,0.25296,Latin America and Caribbean
390,Paraguay,2017,70,5.49300003051758,0.932537317276001,1.50728487968445,0.579250693321228,0.473507791757584,0.091065913438797,0.224150657653809,Latin America and Caribbean
391,Paraguay,2018,64,5.681,0.835,1.522,0.615,0.541,0.074,0.162,Latin America and Caribbean
392,Paraguay,2019,63,5.743,0.855,1.475,0.777,0.514,0.08,0.184,Latin America and Caribbean
393,Paraguay,2020,67,5.692100048,0.897990823,1.36819756,0.735869646,0.586510062,0.065077379,0.204299241,Latin America and Caribbean
394,Paraguay,2021,71,5.653,0.983,0.97,0.549,0.602,0.037,0.206,Latin America and Caribbean
395,Paraguay,2022,73,5.578,1.409,1.13,0.624,0.629,0.059,0.171,Latin America and Caribbean
396,Kazakhstan,2015,54,5.855,1.12254,1.12241,0.64368,0.51649,0.08454,0.11827,Central and Eastern Europe
397,Kazakhstan,2016,54,5.919,1.22943,0.95544,0.57386,0.4052,0.11132,0.15011,Central and Eastern Europe
398,Kazakhstan,2017,60,5.81899976730347,1.28455626964569,1.38436901569366,0.606041550636292,0.437454283237457,0.119282886385918,0.201964423060417,Central and Eastern Europe
399,Kazakhstan,2018,60,5.79,1.143,1.516,0.631,0.454,0.121,0.148,Central and Eastern Europe
400,Kazakhstan,2019,60,5.809,1.173,1.508,0.729,0.41,0.096,0.146,Central and Eastern Europe
401,Kazakhstan,2020,50,6.057899952,1.122594237,1.453267694,0.698788941,0.497432142,0.110463686,0.153713793,Central and Eastern Europe
402,Kazakhstan,2021,45,6.152,1.23,1.103,0.527,0.573,0.132,0.143,Central and Eastern Europe
403,Kazakhstan,2022,40,6.234,1.668,1.22,0.611,0.584,0.157,0.134,Central and Eastern Europe
404,Slovenia,2015,55,5.848,1.18498,1.27385,0.87337,0.60855,0.03787,0.25328,Central and Eastern Europe
405,Slovenia,2016,63,5.768,1.29947,1.05613,0.79151,0.53164,0.03635,0.25738,Central and Eastern Europe
406,Slovenia,2017,62,5.75799989700317,1.3412059545517,1.45251882076263,0.790828227996826,0.572575807571411,0.0451289787888527,0.242649093270302,Central and Eastern Europe
407,Slovenia,2018,51,5.948,1.219,1.506,0.856,0.633,0.051,0.16,Central and Eastern Europe
408,Slovenia,2019,44,6.118,1.258,1.523,0.953,0.564,0.057,0.144,Central and Eastern Europe
409,Slovenia,2020,33,6.363399982,1.208652496,1.464677691,0.932548046,0.646700144,0.076516323,0.145701498,Central and Eastern Europe
410,Slovenia,2021,29,6.461,1.36,1.093,0.722,0.69,0.085,0.122,Central and Eastern Europe
411,Slovenia,2022,22,6.63,1.81,1.249,0.769,0.685,0.115,0.118,Central and Eastern Europe
412,Lithuania,2015,56,5.833,1.14723,1.25745,0.73128,0.21342,0.01031,0.02641,Central and Eastern Europe
413,Lithuania,2016,60,5.813,1.2692,1.06411,0.64674,0.18929,0.0182,0.02025,Central and Eastern Europe
414,Lithuania,2017,52,5.90199995040894,1.31458234786987,1.47351610660553,0.62894994020462,0.234231784939766,0.0118656428530812,0.010164656676352,Central and Eastern Europe
415,Lithuania,2018,50,5.952,1.197,1.527,0.716,0.35,0.006,0.026,Central and Eastern Europe
416,Lithuania,2019,42,6.149,1.238,1.515,0.818,0.291,0.042,0.043,Central and Eastern Europe
417,Lithuania,2020,41,6.215499878,1.193559647,1.432865739,0.795421183,0.42046079,0.081350274,0.053691041,Central and Eastern Europe
418,Lithuania,2021,38,6.255,1.35,1.065,0.612,0.476,0.073,0.056,Central and Eastern Europe
419,Lithuania,2022,34,6.446,1.804,1.204,0.659,0.496,0.077,0.053,Central and Eastern Europe
420,Nicaragua,2015,57,5.828,0.59325,1.14184,0.74314,0.55475,0.19317,0.27815,Latin America and Caribbean
421,Nicaragua,2016,48,5.992,0.69384,0.89521,0.65213,0.46582,0.16292,0.29773,Latin America and Caribbean
422,Nicaragua,2017,43,6.07100009918213,0.737299203872681,1.28721570968628,0.653095960617065,0.447551846504211,0.130687981843948,0.301674216985703,Latin America and Caribbean
423,Nicaragua,2018,41,6.141,0.668,1.319,0.7,0.527,0.128,0.208,Latin America and Caribbean
424,Nicaragua,2019,45,6.105,0.694,1.325,0.835,0.435,0.127,0.2,Latin America and Caribbean
425,Nicaragua,2020,46,6.13710022,0.620033145,1.27081275,0.803093255,0.560117304,0.174084574,0.212871477,Latin America and Caribbean
426,Nicaragua,2021,55,5.972,0.693,0.904,0.604,0.553,0.176,0.201,Latin America and Caribbean
427,Nicaragua,2022,45,6.165,1.105,1.029,0.617,0.617,0.212,0.168,Latin America and Caribbean
428,Peru,2015,58,5.824,0.90019,0.97459,0.73017,0.41496,0.05989,0.14982,Latin America and Caribbean
429,Peru,2016,64,5.743,0.99602,0.81255,0.62994,0.37502,0.05292,0.14527,Latin America and Caribbean
430,Peru,2017,63,5.71500015258789,1.03522527217865,1.21877038478851,0.630166113376617,0.450002878904343,0.0470490865409374,0.126819714903831,Latin America and Caribbean
431,Peru,2018,65,5.663,0.934,1.249,0.674,0.53,0.034,0.092,Latin America and Caribbean
432,Peru,2019,65,5.697,0.96,1.274,0.854,0.455,0.027,0.083,Latin America and Caribbean
433,Peru,2020,63,5.796800137,0.91854918,1.208405972,0.824444175,0.513210058,0.02703266,0.091611817,Latin America and Caribbean
434,Peru,2021,63,5.84,0.986,0.833,0.623,0.536,0.031,0.087,Latin America and Caribbean
435,Peru,2022,74,5.559,1.397,0.865,0.735,0.545,0.037,0.09,Latin America and Caribbean
443,Poland,2015,60,5.791,1.12555,1.27948,0.77903,0.53122,0.04212,0.16759,Central and Eastern Europe
444,Poland,2016,57,5.835,1.24585,1.04685,0.69058,0.4519,0.055,0.14443,Central and Eastern Europe
445,Poland,2017,46,5.97300004959106,1.29178786277771,1.44571197032928,0.699475347995758,0.520342111587524,0.0593078061938286,0.158465966582298,Central and Eastern Europe
446,Poland,2018,42,6.123,1.176,1.448,0.781,0.546,0.064,0.108,Central and Eastern Europe
447,Poland,2019,40,6.182,1.206,1.438,0.884,0.483,0.05,0.117,Central and Eastern Europe
448,Poland,2020,43,6.186299801,1.16922915,1.310399771,0.868038476,0.557903528,0.160541251,0.063374244,Central and Eastern Europe
449,Poland,2021,44,6.166,1.309,0.982,0.668,0.558,0.13,0.08,Central and Eastern Europe
450,Poland,2022,48,6.123,1.758,1.174,0.712,0.523,0.14,0.124,Central and Eastern Europe
451,Malaysia,2015,61,5.77,1.12486,1.07023,0.72394,0.53024,0.10501,0.33075,Southeastern Asia
452,Malaysia,2016,47,6.005,1.25142,0.88025,0.62366,0.39031,0.09081,0.41474,Southeastern Asia
453,Malaysia,2017,42,6.08400011062622,1.29121541976929,1.28464603424072,0.618784427642822,0.402264982461929,0.0656007081270218,0.416608929634094,Southeastern Asia
454,Malaysia,2018,35,6.322,1.161,1.258,0.669,0.356,0.059,0.311,Southeastern Asia
455,Malaysia,2019,80,5.339,1.221,1.171,0.828,0.508,0.024,0.26,Southeastern Asia
456,Malaysia,2020,82,5.384300232,1.168421626,1.17400229,0.788511872,0.596941531,0.062163133,0.274886161,Southeastern Asia
457,Malaysia,2021,81,5.384,1.259,0.797,0.587,0.624,0.064,0.27,Southeastern Asia
458,Malaysia,2022,70,5.711,1.689,0.938,0.62,0.654,0.126,0.213,Southeastern Asia
459,Croatia,2015,62,5.759,1.08254,0.79624,0.78805,0.25883,0.0243,0.05444,Central and Eastern Europe
460,Croatia,2016,74,5.488,1.18649,0.60809,0.70524,0.23907,0.04002,0.18434,Central and Eastern Europe
461,Croatia,2017,77,5.29300022125244,1.22255623340607,0.96798300743103,0.701288521289825,0.255772292613983,0.0431031100451946,0.248002976179123,Central and Eastern Europe
462,Croatia,2018,82,5.321,1.115,1.161,0.737,0.38,0.039,0.12,Central and Eastern Europe
463,Croatia,2019,75,5.432,1.155,1.266,0.914,0.296,0.022,0.119,Central and Eastern Europe
464,Croatia,2020,79,5.504700184,1.109024286,1.311264873,0.900575578,0.381456882,0.012325006,0.113998979,Central and Eastern Europe
465,Croatia,2021,60,5.882,1.251,1.039,0.703,0.453,0.0,0.111,Central and Eastern Europe
466,Croatia,2022,47,6.125,1.705,1.183,0.709,0.535,0.0,0.109,Central and Eastern Europe
474,Russia,2015,64,5.716,1.13764,1.23617,0.66926,0.36679,0.03005,0.00199,Central and Eastern Europe
475,Russia,2016,56,5.856,1.23228,1.05261,0.58991,0.32682,0.03586,0.02736,Central and Eastern Europe
476,Russia,2017,49,5.96299982070923,1.28177809715271,1.46928238868713,0.547349333763123,0.373783111572266,0.0329628810286522,0.0522638224065304,Central and Eastern Europe
477,Russia,2018,59,5.81,1.151,1.479,0.599,0.399,0.025,0.065,Central and Eastern Europe
478,Russia,2019,68,5.648,1.183,1.452,0.726,0.334,0.031,0.082,Central and Eastern Europe
479,Russia,2020,73,5.546000004,1.126999617,1.378644109,0.68044591,0.399499595,0.045699362,0.099041916,Central and Eastern Europe
480,Russia,2021,76,5.477,1.241,0.992,0.511,0.409,0.06,0.115,Central and Eastern Europe
481,Russia,2022,80,5.459,1.685,1.095,0.586,0.401,0.08,0.117,Central and Eastern Europe
482,Jamaica,2015,65,5.709,0.81038,1.15102,0.68741,0.50442,0.02299,0.2123,Latin America and Caribbean
483,Jamaica,2016,73,5.51,0.89333,0.96372,0.59469,0.43597,0.04294,0.22245,Latin America and Caribbean
484,Jamaica,2017,76,5.31099987030029,0.925579309463501,1.36821806430817,0.641022384166718,0.474307239055634,0.0552677810192108,0.233818337321281,Latin America and Caribbean
485,Jamaica,2018,56,5.89,0.819,1.493,0.693,0.575,0.031,0.096,Latin America and Caribbean
486,Jamaica,2019,56,5.89,0.831,1.478,0.831,0.49,0.028,0.107,Latin America and Caribbean
487,Jamaica,2020,60,5.889800072,0.779058397,1.408289194,0.788434088,0.553124607,0.030147785,0.116268493,Latin America and Caribbean
488,Jamaica,2021,37,6.309,0.891,0.932,0.599,0.618,0.035,0.099,Latin America and Caribbean
489,Jamaica,2022,63,5.85,1.296,1.045,0.646,0.567,0.053,0.08,Latin America and Caribbean
495,Cyprus,2015,67,5.689,1.20813,0.89318,0.92356,0.40672,0.06146,0.30638,Western Europe
496,Cyprus,2016,69,5.546,1.31857,0.70697,0.8488,0.29507,0.05228,0.27906,Western Europe
497,Cyprus,2017,65,5.62099981307983,1.35593807697296,1.13136327266693,0.84471470117569,0.355111539363861,0.0412379764020443,0.271254301071167,Western Europe
498,Cyprus,2018,61,5.762,1.229,1.191,0.909,0.423,0.035,0.202,Western Europe
499,Cyprus,2019,49,6.046,1.263,1.223,1.042,0.406,0.041,0.19,Western Europe
500,Cyprus,2020,45,6.15899992,1.21279943,1.149170756,1.026124597,0.459385872,0.051207144,0.227932334,Western Europe
501,Cyprus,2021,39,6.223,1.377,0.765,0.801,0.464,0.061,0.178,Western Europe
502,Cyprus,2022,41,6.221,1.815,0.909,0.819,0.448,0.062,0.123,Western Europe
503,Algeria,2015,68,5.605,0.93929,1.07772,0.61766,0.28579,0.17383,0.07822,Middle East and Northern Africa
504,Algeria,2016,38,6.355,1.05266,0.83309,0.61804,0.21006,0.16157,0.07044,Middle East and Northern Africa
505,Algeria,2017,53,5.87200021743774,1.09186446666718,1.1462174654007,0.617584645748138,0.233335807919502,0.146096110343933,0.0694366469979286,Middle East and Northern Africa
506,Algeria,2018,84,5.295,0.979,1.154,0.687,0.077,0.135,0.055,Middle East and Northern Africa
507,Algeria,2019,88,5.211,1.002,1.16,0.785,0.086,0.114,0.073,Middle East and Northern Africa
508,Algeria,2020,100,5.005099773,0.943856001,1.143003583,0.745418549,0.083943799,0.129190654,0.118915014,Middle East and Northern Africa
509,Algeria,2021,109,4.887,0.946,0.765,0.552,0.119,0.12,0.144,Middle East and Northern Africa
510,Algeria,2022,96,5.122,1.363,0.97,0.643,0.146,0.15,0.106,Middle East and Northern Africa
511,Kosovo,2015,69,5.589,0.80148,0.81198,0.63132,0.24749,0.04741,0.2831,Central and Eastern Europe
512,Kosovo,2016,77,5.401,0.90145,0.66062,0.54,0.14396,0.06547,0.27992,Central and Eastern Europe
513,Kosovo,2017,78,5.27899980545044,0.951484382152557,1.13785350322723,0.541452050209045,0.260287940502167,0.0574716180562973,0.319931447505951,Central and Eastern Europe
514,Kosovo,2018,66,5.662,0.855,1.23,0.578,0.448,0.023,0.274,Central and Eastern Europe
515,Kosovo,2019,46,6.1,0.882,1.232,0.758,0.489,0.006,0.262,Central and Eastern Europe
516,Kosovo,2020,35,6.325200081,0.840481341,1.183962822,0.672709167,0.557280421,0.008559024,0.325286865,Central and Eastern Europe
517,Kosovo,2021,33,6.372,0.937,0.807,0.483,0.593,0.014,0.356,Central and Eastern Europe
518,Kosovo,2022,32,6.455,1.362,0.949,0.569,0.599,0.035,0.309,Central and Eastern Europe
526,Mauritius,2015,71,5.477,1.00761,0.98521,0.7095,0.56066,0.07521,0.37744,Sub-Saharan Africa
527,Mauritius,2016,66,5.648,1.14372,0.75695,0.66189,0.46145,0.05203,0.36951,Sub-Saharan Africa
528,Mauritius,2017,64,5.62900018692017,1.18939554691315,1.20956099033356,0.638007462024689,0.491247326135635,0.0421815551817417,0.360933750867844,Sub-Saharan Africa
529,Mauritius,2018,55,5.891,1.09,1.387,0.684,0.584,0.05,0.245,Sub-Saharan Africa
530,Mauritius,2019,57,5.888,1.12,1.402,0.798,0.498,0.06,0.215,Sub-Saharan Africa
531,Mauritius,2020,49,6.101299763,1.07366395,1.395666838,0.763389409,0.590838134,0.084088229,0.186894551,Sub-Saharan Africa
532,Mauritius,2021,50,6.049,1.178,0.996,0.574,0.59,0.096,0.153,Sub-Saharan Africa
533,Mauritius,2022,52,6.071,1.591,1.116,0.568,0.589,0.107,0.131,Sub-Saharan Africa
538,Estonia,2015,73,5.429,1.15174,1.22791,0.77361,0.44888,0.15184,0.0868,Central and Eastern Europe
539,Estonia,2016,72,5.517,1.27964,1.05163,0.68098,0.41511,0.18519,0.08423,Central and Eastern Europe
540,Estonia,2017,66,5.61100006103516,1.32087934017181,1.47667109966278,0.695168316364288,0.479131430387497,0.183248922228813,0.0988908112049103,Central and Eastern Europe
541,Estonia,2018,63,5.739,1.2,1.532,0.737,0.553,0.174,0.086,Central and Eastern Europe
542,Estonia,2019,55,5.893,1.237,1.528,0.874,0.495,0.161,0.103,Central and Eastern Europe
543,Estonia,2020,51,6.021800041,1.192441225,1.453232527,0.842615008,0.576664805,0.201766819,0.125136748,Central and Eastern Europe
544,Estonia,2021,40,6.189,1.344,1.079,0.64,0.641,0.263,0.119,Central and Eastern Europe
545,Estonia,2022,36,6.341,1.793,1.232,0.728,0.689,0.333,0.123,Central and Eastern Europe
546,Indonesia,2015,74,5.399,0.82827,1.08708,0.63793,0.46611,0.0,0.51535,Southeastern Asia
547,Indonesia,2016,79,5.314,0.95104,0.87625,0.49374,0.39237,0.00322,0.56521,Southeastern Asia
548,Indonesia,2017,81,5.26200008392334,0.995538592338562,1.27444469928741,0.492345720529556,0.443323463201523,0.0153171354904771,0.611704587936401,Southeastern Asia
549,Indonesia,2018,96,5.093,0.899,1.215,0.522,0.538,0.018,0.484,Southeastern Asia
550,Indonesia,2019,92,5.192,0.931,1.203,0.66,0.491,0.028,0.498,Southeastern Asia
551,Indonesia,2020,84,5.285600185,0.891720712,1.154800892,0.610437036,0.568161428,0.038278613,0.542646527,Southeastern Asia
552,Indonesia,2021,82,5.345,0.954,0.786,0.433,0.598,0.046,0.541,Southeastern Asia
553,Indonesia,2022,87,5.24,1.382,0.883,0.539,0.62,0.047,0.468,Southeastern Asia
554,Vietnam,2015,75,5.36,0.63216,0.91226,0.74676,0.59444,0.10441,0.1686,Southeastern Asia
555,Vietnam,2016,96,5.061,0.74037,0.79117,0.66157,0.55954,0.11556,0.25075,Southeastern Asia
556,Vietnam,2017,94,5.07399988174438,0.788547575473785,1.27749133110046,0.652168989181519,0.571055591106415,0.0876332372426987,0.234968051314354,Southeastern Asia
557,Vietnam,2018,95,5.103,0.715,1.365,0.702,0.618,0.079,0.177,Southeastern Asia
558,Vietnam,2019,94,5.175,0.741,1.346,0.851,0.543,0.073,0.147,Southeastern Asia
559,Vietnam,2020,83,5.353499889,0.718092382,1.253074765,0.819133997,0.650835574,0.089848459,0.136488721,Southeastern Asia
560,Vietnam,2021,79,5.411,0.817,0.873,0.616,0.679,0.091,0.124,Southeastern Asia
561,Vietnam,2022,77,5.485,1.252,0.932,0.611,0.707,0.105,0.143,Southeastern Asia
562,Turkey,2015,76,5.332,1.06098,0.94632,0.73172,0.22815,0.15746,0.12253,Middle East and Northern Africa
563,Turkey,2016,78,5.389,1.16492,0.87717,0.64718,0.23889,0.12348,0.04707,Middle East and Northern Africa
564,Turkey,2017,69,5.5,1.19827437400818,1.33775317668915,0.637605607509613,0.300740599632263,0.0996715798974037,0.0466930419206619,Middle East and Northern Africa
565,Turkey,2018,74,5.483,1.148,1.38,0.686,0.324,0.109,0.106,Middle East and Northern Africa
566,Turkey,2019,79,5.373,1.183,1.36,0.808,0.195,0.106,0.083,Middle East and Northern Africa
567,Turkey,2020,93,5.131800175,1.127169251,1.197159171,0.781335294,0.25440076,0.120983243,0.085885569,Middle East and Northern Africa
568,Turkey,2021,104,4.948,1.26,0.809,0.59,0.236,0.104,0.097,Middle East and Northern Africa
569,Turkey,2022,112,4.744,1.707,0.865,0.702,0.209,0.115,0.087,Middle East and Northern Africa
570,Kyrgyzstan,2015,77,5.286,0.47428,1.15115,0.65088,0.43477,0.04232,0.3003,Central and Eastern Europe
571,Kyrgyzstan,2016,85,5.185,0.56044,0.95434,0.55449,0.40212,0.04762,0.38432,Central and Eastern Europe
572,Kyrgyzstan,2017,98,5.00400018692017,0.596220076084137,1.39423859119415,0.553457796573639,0.454943388700485,0.0394391790032387,0.42858037352562,Central and Eastern Europe
573,Kyrgyzstan,2018,92,5.131,0.53,1.416,0.594,0.54,0.035,0.281,Central and Eastern Europe
574,Kyrgyzstan,2019,86,5.261,0.551,1.438,0.723,0.508,0.023,0.3,Central and Eastern Europe
575,Kyrgyzstan,2020,74,5.541500092,0.513180971,1.341036677,0.680645883,0.614617765,0.030466691,0.30137074,Central and Eastern Europe
576,Kyrgyzstan,2021,67,5.744,0.665,0.971,0.501,0.673,0.02,0.266,Central and Eastern Europe
577,Kyrgyzstan,2022,64,5.828,1.069,1.109,0.638,0.693,0.025,0.208,Central and Eastern Europe
578,Nigeria,2015,78,5.268,0.65435,0.90432,0.16007,0.34334,0.0403,0.27233,Sub-Saharan Africa
579,Nigeria,2016,103,4.875,0.75216,0.64498,0.05108,0.27854,0.0305,0.23219,Sub-Saharan Africa
580,Nigeria,2017,95,5.07399988174438,0.783756256103516,1.21577048301697,0.0569157302379608,0.394952565431595,0.0261215660721064,0.230947196483612,Sub-Saharan Africa
581,Nigeria,2018,91,5.155,0.689,1.172,0.048,0.462,0.032,0.201,Sub-Saharan Africa
582,Nigeria,2019,85,5.265,0.696,1.111,0.245,0.426,0.041,0.215,Sub-Saharan Africa
583,Nigeria,2020,115,4.724100113,0.645901859,0.986717939,0.167835936,0.435079455,0.047589935,0.221328124,Sub-Saharan Africa
584,Nigeria,2021,116,4.759,0.663,0.625,0.051,0.433,0.039,0.212,Sub-Saharan Africa
585,Nigeria,2022,118,4.552,1.079,0.732,0.3,0.444,0.038,0.175,Sub-Saharan Africa
598,Pakistan,2015,81,5.194,0.59543,0.41411,0.51466,0.12102,0.10464,0.33671,Southern Asia
599,Pakistan,2016,92,5.132,0.68816,0.26135,0.40306,0.14622,0.1388,0.31185,Southern Asia
600,Pakistan,2017,80,5.26900005340576,0.72688353061676,0.672690689563751,0.402047783136368,0.23521526157856,0.124348066747189,0.315446019172668,Southern Asia
601,Pakistan,2018,75,5.472,0.652,0.81,0.424,0.334,0.113,0.216,Southern Asia
602,Pakistan,2019,67,5.653,0.677,0.886,0.535,0.313,0.098,0.22,Southern Asia
603,Pakistan,2020,66,5.69329977,0.616799474,0.872979581,0.469933242,0.405421734,0.122592121,0.228705063,Southern Asia
604,Pakistan,2021,105,4.934,0.637,0.423,0.322,0.418,0.097,0.252,Southern Asia
605,Pakistan,2022,121,4.516,1.049,0.413,0.374,0.448,0.112,0.181,Southern Asia
606,Jordan,2015,82,5.192,0.90198,1.05392,0.69639,0.40661,0.14293,0.11053,Middle East and Northern Africa
607,Jordan,2016,80,5.303,0.99673,0.86216,0.60712,0.36023,0.13297,0.14262,Middle East and Northern Africa
608,Jordan,2017,74,5.33599996566772,0.991012394428253,1.23908889293671,0.604590058326721,0.418421149253845,0.11980327218771,0.172170460224152,Middle East and Northern Africa
609,Jordan,2018,90,5.161,0.822,1.265,0.645,0.468,0.134,0.13,Middle East and Northern Africa
610,Jordan,2019,101,4.906,0.837,1.225,0.815,0.383,0.13,0.11,Middle East and Northern Africa
611,Jordan,2020,119,4.633399963,0.785179198,1.140118599,0.777624726,0.424855083,0.151878625,0.091494769,Middle East and Northern Africa
612,Jordan,2021,127,4.395,0.89,0.685,0.583,0.455,0.15,0.079,Middle East and Northern Africa
613,Jordan,2022,134,4.152,1.324,0.724,0.675,0.476,0.2,0.058,Middle East and Northern Africa
614,Montenegro,2015,82,5.192,0.97438,0.90557,0.72521,0.1826,0.14296,0.1614,Central and Eastern Europe
615,Montenegro,2016,88,5.161,1.07838,0.74173,0.63533,0.15111,0.12721,0.17191,Central and Eastern Europe
616,Montenegro,2017,83,5.23699998855591,1.12112903594971,1.23837649822235,0.667464673519135,0.194989055395126,0.0881741940975189,0.197911024093628,Central and Eastern Europe
617,Montenegro,2018,81,5.347,1.017,1.279,0.729,0.259,0.081,0.111,Central and Eastern Europe
618,Montenegro,2019,73,5.523,1.051,1.361,0.871,0.197,0.08,0.142,Central and Eastern Europe
619,Montenegro,2020,72,5.54610014,1.010150075,1.265657902,0.839028895,0.303223848,0.098435111,0.14901033,Central and Eastern Europe
620,Montenegro,2021,72,5.581,1.155,0.891,0.637,0.397,0.081,0.166,Central and Eastern Europe
621,Montenegro,2022,75,5.547,1.573,1.023,0.659,0.46,0.077,0.135,Central and Eastern Europe
622,China,2015,84,5.14,0.89012,0.94675,0.81658,0.51697,0.02781,0.08185,Eastern Asia
623,China,2016,83,5.245,1.0278,0.79381,0.73561,0.44012,0.02745,0.04959,Eastern Asia
624,China,2017,79,5.27299976348877,1.08116579055786,1.16083741188049,0.741415500640869,0.472787708044052,0.0227942746132612,0.0288068410009146,Eastern Asia
625,China,2018,86,5.246,0.989,1.142,0.799,0.597,0.103,0.029,Eastern Asia
626,China,2019,93,5.191,1.029,1.125,0.893,0.521,0.1,0.058,Eastern Asia
627,China,2020,94,5.123899937,0.990533412,1.132080674,0.867248535,0.601605117,0.117255554,0.079021044,Eastern Asia
628,China,2021,84,5.339,1.061,0.785,0.665,0.636,0.117,0.093,Eastern Asia
629,China,2022,72,5.585,1.508,0.958,0.705,0.656,0.142,0.099,Eastern Asia
630,Zambia,2015,85,5.129,0.47038,0.91612,0.29924,0.48827,0.12468,0.19591,Sub-Saharan Africa
631,Zambia,2016,106,4.795,0.61202,0.6376,0.23573,0.42662,0.11479,0.17866,Sub-Saharan Africa
632,Zambia,2017,116,4.51399993896484,0.636406779289246,1.00318729877472,0.257835894823074,0.461603492498398,0.0782135501503944,0.249580144882202,Sub-Saharan Africa
633,Zambia,2018,125,4.377,0.562,1.047,0.295,0.503,0.082,0.221,Sub-Saharan Africa
634,Zambia,2019,138,4.107,0.578,1.058,0.426,0.431,0.087,0.247,Sub-Saharan Africa
635,Zambia,2020,141,3.759399891,0.536833763,0.896037281,0.36359334,0.49131754,0.086705238,0.250620902,Sub-Saharan Africa
636,Zambia,2021,137,4.073,0.528,0.552,0.231,0.487,0.074,0.227,Sub-Saharan Africa
637,Zambia,2022,137,3.76,0.93,0.577,0.306,0.525,0.083,0.203,Sub-Saharan Africa
638,Romania,2015,86,5.124,1.04345,0.88588,0.7689,0.35068,0.00649,0.13748,Central and Eastern Europe
639,Romania,2016,71,5.528,1.1697,0.72803,0.67602,0.36712,0.00679,0.12889,Central and Eastern Europe
640,Romania,2017,57,5.82499980926514,1.21768391132355,1.15009129047394,0.685158312320709,0.457003742456436,0.00438790069893,0.133519917726517,Central and Eastern Europe
641,Romania,2018,52,5.945,1.116,1.219,0.726,0.528,0.001,0.088,Central and Eastern Europe
642,Romania,2019,48,6.07,1.162,1.232,0.825,0.462,0.005,0.083,Central and Eastern Europe
643,Romania,2020,47,6.123700142,1.120401621,1.1944381,0.79229486,0.534852326,0.000829569,0.068181619,Central and Eastern Europe
644,Romania,2021,46,6.14,1.275,0.832,0.595,0.564,0.001,0.045,Central and Eastern Europe
645,Romania,2022,28,6.477,1.719,1.006,0.655,0.605,0.006,0.039,Central and Eastern Europe
646,Serbia,2015,87,5.123,0.92053,1.00964,0.74836,0.20107,0.02617,0.19231,Central and Eastern Europe
647,Serbia,2016,86,5.177,1.03437,0.81329,0.6458,0.15718,0.04339,0.20737,Central and Eastern Europe
648,Serbia,2017,73,5.39499998092651,1.06931757926941,1.25818979740143,0.65078467130661,0.208715528249741,0.0409037806093693,0.220125883817673,Central and Eastern Europe
649,Serbia,2018,78,5.398,0.975,1.369,0.685,0.288,0.043,0.134,Central and Eastern Europe
650,Serbia,2019,70,5.603,1.004,1.383,0.854,0.282,0.039,0.137,Central and Eastern Europe
651,Serbia,2020,64,5.77820015,0.988181829,1.327448964,0.828403294,0.395428419,0.059447147,0.15028289,Central and Eastern Europe
652,Serbia,2021,48,6.078,1.101,0.924,0.634,0.482,0.066,0.189,Central and Eastern Europe
653,Serbia,2022,43,6.178,1.55,1.086,0.658,0.546,0.088,0.219,Central and Eastern Europe
654,Portugal,2015,88,5.102,1.15991,1.13935,0.87519,0.51469,0.01078,0.13719,Western Europe
655,Portugal,2016,94,5.123,1.27607,0.94367,0.79363,0.44727,0.01521,0.11691,Western Europe
656,Portugal,2017,89,5.19500017166138,1.3151752948761,1.36704301834106,0.795843541622162,0.498465299606323,0.0158694516867399,0.0951027125120163,Western Europe
657,Portugal,2018,77,5.41,1.188,1.429,0.884,0.562,0.017,0.055,Western Europe
658,Portugal,2019,66,5.693,1.221,1.431,0.999,0.508,0.025,0.047,Western Europe
659,Portugal,2020,59,5.910900116,1.168800831,1.339530349,0.979315281,0.589895189,0.027733466,0.053036947,Western Europe
660,Portugal,2021,58,5.929,1.323,0.939,0.76,0.621,0.033,0.029,Western Europe
661,Portugal,2022,56,6.016,1.76,1.078,0.777,0.655,0.039,0.016,Western Europe
662,Latvia,2015,89,5.098,1.11312,1.09562,0.72437,0.29671,0.06332,0.18226,Central and Eastern Europe
663,Latvia,2016,68,5.56,1.21788,0.95025,0.63952,0.27996,0.0889,0.17445,Central and Eastern Europe
664,Latvia,2017,54,5.84999990463257,1.26074862480164,1.40471494197845,0.638566970825195,0.325707912445068,0.0738427266478539,0.153074786067009,Central and Eastern Europe
665,Latvia,2018,53,5.933,1.148,1.454,0.671,0.363,0.066,0.092,Central and Eastern Europe
666,Latvia,2019,53,5.94,1.187,1.465,0.812,0.264,0.064,0.075,Central and Eastern Europe
667,Latvia,2020,57,5.949999809,1.14139545,1.414398789,0.777902424,0.329198807,0.090391524,0.075407945,Central and Eastern Europe
668,Latvia,2021,51,6.032,1.285,1.047,0.587,0.405,0.089,0.082,Central and Eastern Europe
669,Latvia,2022,42,6.18,1.732,1.221,0.637,0.502,0.09,0.075,Central and Eastern Europe
670,Philippines,2015,90,5.073,0.70532,1.03516,0.58114,0.62545,0.12279,0.24991,Southeastern Asia
671,Philippines,2016,82,5.279,0.81217,0.87877,0.47036,0.54854,0.11757,0.21674,Southeastern Asia
672,Philippines,2017,72,5.42999982833862,0.85769921541214,1.25391757488251,0.468009054660797,0.585214674472809,0.0993318930268288,0.193513423204422,Southeastern Asia
673,Philippines,2018,71,5.524,0.775,1.312,0.513,0.643,0.105,0.12,Southeastern Asia
674,Philippines,2019,69,5.631,0.807,1.293,0.657,0.558,0.107,0.117,Southeastern Asia
675,Philippines,2020,52,6.006000042,0.775120676,1.245381713,0.602189481,0.621915162,0.130385727,0.129260212,Southeastern Asia
676,Philippines,2021,61,5.88,0.853,0.828,0.426,0.651,0.126,0.125,Southeastern Asia
677,Philippines,2022,60,5.904,1.268,0.912,0.514,0.678,0.142,0.107,Southeastern Asia
679,Morocco,2015,92,5.013,0.73479,0.64095,0.60954,0.41691,0.08546,0.07172,Middle East and Northern Africa
680,Morocco,2016,90,5.151,0.84058,0.38595,0.59471,0.25646,0.08404,0.04053,Middle East and Northern Africa
681,Morocco,2017,84,5.2350001335144,0.878114581108093,0.774864435195923,0.59771066904068,0.408158332109451,0.0877631828188896,0.0322099551558495,Middle East and Northern Africa
682,Morocco,2018,85,5.254,0.779,0.797,0.669,0.46,0.074,0.026,Middle East and Northern Africa
683,Morocco,2019,89,5.208,0.801,0.782,0.782,0.418,0.076,0.036,Middle East and Northern Africa
684,Morocco,2020,97,5.094799995,0.75862211,0.645208478,0.745096922,0.450054139,0.077385604,0.040032551,Middle East and Northern Africa
685,Morocco,2021,106,4.918,0.792,0.219,0.558,0.477,0.088,0.034,Middle East and Northern Africa
686,Morocco,2022,100,5.06,1.208,0.268,0.565,0.492,0.102,0.02,Middle East and Northern Africa
699,Albania,2015,95,4.959,0.87867,0.80434,0.81325,0.35733,0.06413,0.14272,Central and Eastern Europe
700,Albania,2016,109,4.655,0.9553,0.50163,0.73007,0.31866,0.05301,0.1684,Central and Eastern Europe
701,Albania,2017,109,4.64400005340576,0.996192753314972,0.803685247898102,0.731159746646881,0.381498634815216,0.0398642159998417,0.201312944293022,Central and Eastern Europe
702,Albania,2018,112,4.586,0.916,0.817,0.79,0.419,0.032,0.149,Central and Eastern Europe
703,Albania,2019,107,4.719,0.947,0.848,0.874,0.383,0.027,0.178,Central and Eastern Europe
704,Albania,2020,105,4.882699966,0.906653047,0.830483913,0.846329629,0.461945891,0.025361285,0.171027765,Central and Eastern Europe
705,Albania,2021,93,5.117,1.008,0.529,0.646,0.491,0.024,0.168,Central and Eastern Europe
706,Albania,2022,90,5.199,1.439,0.646,0.719,0.511,0.028,0.138,Central and Eastern Europe
707,Bosnia and Herzegovina,2015,96,4.949,0.83223,0.91916,0.79081,0.09245,0.00227,0.24808,Central and Eastern Europe
708,Bosnia and Herzegovina,2016,87,5.163,0.93383,0.64367,0.70766,0.09511,0.0,0.29889,Central and Eastern Europe
709,Bosnia and Herzegovina,2017,90,5.18200016021729,0.982409417629242,1.0693359375,0.705186307430267,0.204403176903725,0.0,0.328867495059967,Central and Eastern Europe
710,Bosnia and Herzegovina,2018,93,5.129,0.915,1.078,0.758,0.28,0.0,0.216,Central and Eastern Europe
711,Bosnia and Herzegovina,2019,78,5.386,0.945,1.212,0.845,0.212,0.006,0.263,Central and Eastern Europe
712,Bosnia and Herzegovina,2020,69,5.674099922,0.91839546,1.203986526,0.813928187,0.305365741,0.001172487,0.264005244,Central and Eastern Europe
713,Bosnia and Herzegovina,2021,64,5.813,1.032,0.919,0.618,0.395,0.005,0.261,Central and Eastern Europe
714,Bosnia and Herzegovina,2022,67,5.768,1.468,1.068,0.665,0.448,0.006,0.244,Central and Eastern Europe
721,Dominican Republic,2015,98,4.885,0.89537,1.17202,0.66825,0.57672,0.14234,0.21684,Latin America and Caribbean
722,Dominican Republic,2016,89,5.155,1.02787,0.99496,0.57669,0.52259,0.12372,0.21286,Latin America and Caribbean
723,Dominican Republic,2017,86,5.23000001907349,1.07937383651733,1.40241670608521,0.574873745441437,0.55258983373642,0.113945253193378,0.186967849731445,Latin America and Caribbean
724,Dominican Republic,2018,83,5.302,0.982,1.441,0.614,0.578,0.106,0.12,Latin America and Caribbean
725,Dominican Republic,2019,77,5.425,1.015,1.401,0.779,0.497,0.101,0.113,Latin America and Caribbean
726,Dominican Republic,2020,68,5.689199924,0.983191848,1.328888893,0.741901696,0.5628739,0.115945682,0.112196781,Latin America and Caribbean
727,Dominican Republic,2021,73,5.545,1.106,0.879,0.555,0.581,0.144,0.101,Latin America and Caribbean
728,Dominican Republic,2022,69,5.737,1.538,1.003,0.577,0.606,0.179,0.084,Latin America and Caribbean
736,Mongolia,2015,100,4.874,0.82819,1.3006,0.60268,0.43626,0.02666,0.3323,Eastern Asia
737,Mongolia,2016,101,4.907,0.98853,1.08983,0.55469,0.35972,0.03285,0.34539,Eastern Asia
738,Mongolia,2017,100,4.95499992370605,1.02723586559296,1.4930112361908,0.557783484458923,0.394143968820572,0.0329022891819477,0.338464230298996,Eastern Asia
739,Mongolia,2018,94,5.125,0.914,1.517,0.575,0.395,0.032,0.253,Eastern Asia
740,Mongolia,2019,83,5.285,0.948,1.531,0.667,0.317,0.038,0.235,Eastern Asia
741,Mongolia,2020,81,5.456200123,0.904872775,1.458930612,0.615788162,0.355703115,0.046533126,0.263885736,Eastern Asia
742,Mongolia,2021,70,5.677,0.966,1.065,0.442,0.397,0.053,0.263,Eastern Asia
743,Mongolia,2022,68,5.761,1.393,1.197,0.467,0.398,0.059,0.247,Eastern Asia
748,Greece,2015,102,4.857,1.15406,0.92933,0.88213,0.07699,0.01397,0.0,Western Europe
749,Greece,2016,99,5.033,1.24886,0.75473,0.80029,0.05822,0.04127,0.0,Western Europe
750,Greece,2017,87,5.22700023651123,1.28948748111725,1.23941457271576,0.810198903083801,0.0957312509417534,0.04328977689147,0.0,Western Europe
751,Greece,2018,79,5.358,1.154,1.202,0.879,0.131,0.044,0.0,Western Europe
752,Greece,2019,82,5.287,1.181,1.156,0.999,0.067,0.034,0.0,Western Europe
753,Greece,2020,77,5.514999866,1.128070116,1.168973565,0.979431748,0.173516348,0.048844352,0.0,Western Europe
754,Greece,2021,68,5.723,1.273,0.811,0.76,0.243,0.074,0.0,Western Europe
755,Greece,2022,58,5.948,1.703,0.98,0.774,0.249,0.108,0.015,Western Europe
756,Lebanon,2015,103,4.839,1.02564,0.80001,0.83947,0.33916,0.04582,0.21854,Middle East and Northern Africa
757,Lebanon,2016,93,5.129,1.12268,0.64184,0.76171,0.26228,0.03061,0.23693,Middle East and Northern Africa
758,Lebanon,2017,88,5.22499990463257,1.07498753070831,1.12962424755096,0.735081076622009,0.288515985012054,0.037513829767704,0.264450758695602,Middle East and Northern Africa
759,Lebanon,2018,80,5.358,0.965,1.179,0.785,0.503,0.136,0.214,Middle East and Northern Africa
760,Lebanon,2019,91,5.197,0.987,1.224,0.815,0.216,0.027,0.166,Middle East and Northern Africa
761,Lebanon,2020,111,4.771500111,0.889232516,1.19249332,0.788671136,0.18551667,0.021518147,0.158524141,Middle East and Northern Africa
762,Lebanon,2021,123,4.584,1.045,0.868,0.595,0.175,0.026,0.14,Middle East and Northern Africa
763,Lebanon,2022,145,2.955,1.392,0.498,0.631,0.103,0.034,0.082,Middle East and Northern Africa
764,Hungary,2015,104,4.8,1.12094,1.20215,0.75905,0.32112,0.02758,0.128,Central and Eastern Europe
765,Hungary,2016,91,5.145,1.24142,0.93164,0.67608,0.1977,0.04472,0.099,Central and Eastern Europe
766,Hungary,2017,75,5.32399988174438,1.2860119342804,1.34313309192657,0.687763452529907,0.175863519310951,0.0366369374096394,0.0784016624093056,Central and Eastern Europe
767,Hungary,2018,69,5.62,1.171,1.401,0.732,0.259,0.022,0.061,Central and Eastern Europe
768,Hungary,2019,62,5.758,1.201,1.41,0.828,0.199,0.02,0.081,Central and Eastern Europe
769,Hungary,2020,53,6.000400066,1.164307117,1.423009396,0.806793869,0.386401802,0.027548173,0.070491239,Central and Eastern Europe
770,Hungary,2021,53,5.992,1.301,1.083,0.615,0.454,0.04,0.067,Central and Eastern Europe
771,Hungary,2022,51,6.086,1.748,1.233,0.668,0.485,0.064,0.078,Central and Eastern Europe
772,Honduras,2015,105,4.788,0.59532,0.95348,0.6951,0.40148,0.06825,0.23027,Latin America and Caribbean
773,Honduras,2016,104,4.871,0.69429,0.75596,0.58383,0.26755,0.06906,0.2044,Latin America and Caribbean
774,Honduras,2017,91,5.18100023269653,0.730573117733002,1.14394497871399,0.582569479942322,0.348079860210419,0.0733454525470734,0.236188873648643,Latin America and Caribbean
775,Honduras,2018,72,5.504,0.62,1.205,0.622,0.459,0.074,0.197,Latin America and Caribbean
776,Honduras,2019,59,5.86,0.642,1.236,0.828,0.507,0.078,0.246,Latin America and Caribbean
777,Honduras,2020,56,5.953199863,0.598763585,1.186664104,0.791989982,0.568148077,0.086807102,0.256528199,Latin America and Caribbean
778,Honduras,2021,59,5.919,0.703,0.787,0.593,0.578,0.083,0.241,Latin America and Caribbean
779,Honduras,2022,55,6.022,1.111,0.885,0.555,0.582,0.076,0.202,Latin America and Caribbean
780,Tajikistan,2015,106,4.786,0.39047,0.85563,0.57379,0.47216,0.15072,0.22974,Central and Eastern Europe
781,Tajikistan,2016,100,4.996,0.48835,0.75602,0.53119,0.43408,0.13509,0.25998,Central and Eastern Europe
782,Tajikistan,2017,96,5.04099988937378,0.524713635444641,1.27146327495575,0.529235124588013,0.471566706895828,0.146377146244049,0.248997643589973,Central and Eastern Europe
783,Tajikistan,2018,88,5.199,0.474,1.166,0.598,0.292,0.034,0.187,Central and Eastern Europe
784,Tajikistan,2019,74,5.467,0.493,1.098,0.718,0.389,0.144,0.23,Central and Eastern Europe
785,Tajikistan,2020,71,5.555699825,0.474874616,1.218377709,0.680594802,0.521141171,0.221779913,0.182417125,Central and Eastern Europe
786,Tajikistan,2021,78,5.466,0.508,0.895,0.498,0.548,0.247,0.152,Central and Eastern Europe
787,Tajikistan,2022,83,5.377,0.966,1.005,0.518,0.572,0.304,0.118,Central and Eastern Europe
788,Tunisia,2015,107,4.739,0.88113,0.60429,0.73793,0.26268,0.06358,0.06431,Middle East and Northern Africa
789,Tunisia,2016,98,5.045,0.97724,0.43165,0.59577,0.23553,0.0817,0.03936,Middle East and Northern Africa
790,Tunisia,2017,102,4.80499982833862,1.00726580619812,0.868351459503174,0.613212049007416,0.289680689573288,0.0867231488227844,0.0496933571994305,Middle East and Northern Africa
791,Tunisia,2018,111,4.592,0.9,0.906,0.69,0.271,0.063,0.04,Middle East and Northern Africa
792,Tunisia,2019,124,4.461,0.921,1.0,0.815,0.167,0.055,0.059,Middle East and Northern Africa
793,Tunisia,2020,128,4.392199993,0.874742687,0.872167706,0.781156719,0.235860556,0.043899573,0.055881143,Middle East and Northern Africa
794,Tunisia,2021,122,4.596,0.919,0.515,0.59,0.334,0.044,0.057,Middle East and Northern Africa
795,Tunisia,2022,120,4.516,1.35,0.596,0.656,0.316,0.029,0.029,Middle East and Northern Africa
803,Bangladesh,2015,109,4.694,0.39753,0.43106,0.60164,0.4082,0.12569,0.21222,Southern Asia
804,Bangladesh,2016,110,4.643,0.54177,0.24749,0.52989,0.39778,0.12583,0.19132,Southern Asia
805,Bangladesh,2017,110,4.60799980163574,0.586682975292206,0.735131740570068,0.533241033554077,0.478356659412384,0.123717859387398,0.172255352139473,Southern Asia
806,Bangladesh,2018,115,4.5,0.532,0.85,0.579,0.58,0.144,0.153,Southern Asia
807,Bangladesh,2019,125,4.456,0.562,0.928,0.723,0.527,0.143,0.166,Southern Asia
808,Bangladesh,2020,107,4.832799911,0.556156278,0.868800581,0.694940507,0.604130566,0.176735908,0.176745117,Southern Asia
809,Bangladesh,2021,101,5.025,0.635,0.52,0.514,0.603,0.164,0.161,Southern Asia
810,Bangladesh,2022,94,5.155,1.06,0.614,0.581,0.622,0.187,0.125,Southern Asia
811,Iran,2015,110,4.686,1.0088,0.54447,0.69805,0.30033,0.05863,0.38086,Middle East and Northern Africa
812,Iran,2016,105,4.813,1.11758,0.38857,0.64232,0.22544,0.0557,0.38538,Middle East and Northern Africa
813,Iran,2017,108,4.69199991226196,1.15687310695648,0.711551249027252,0.639333188533783,0.249322608113289,0.048761073499918,0.387242913246155,Middle East and Northern Africa
814,Iran,2018,106,4.707,1.059,0.771,0.691,0.459,0.129,0.282,Middle East and Northern Africa
815,Iran,2019,117,4.548,1.1,0.842,0.785,0.305,0.125,0.27,Middle East and Northern Africa
816,Iran,2020,118,4.672399998,1.029322505,0.886271179,0.749053836,0.301195472,0.142651513,0.27697894,Middle East and Northern Africa
817,Iran,2021,118,4.721,1.03,0.557,0.561,0.275,0.144,0.33,Middle East and Northern Africa
818,Iran,2022,110,4.888,1.41,0.741,0.642,0.281,0.146,0.241,Middle East and Northern Africa
819,Ukraine,2015,111,4.681,0.79907,1.20278,0.6739,0.25123,0.02961,0.15275,Central and Eastern Europe
820,Ukraine,2016,123,4.324,0.87287,1.01413,0.58628,0.12859,0.01829,0.20363,Central and Eastern Europe
821,Ukraine,2017,132,4.09600019454956,0.89465194940567,1.39453756809235,0.575903952121735,0.122974775731564,0.0230294708162546,0.270061463117599,Central and Eastern Europe
822,Ukraine,2018,138,4.103,0.793,1.413,0.609,0.163,0.011,0.187,Central and Eastern Europe
823,Ukraine,2019,133,4.332,0.82,1.39,0.739,0.178,0.01,0.187,Central and Eastern Europe
824,Ukraine,2020,123,4.56069994,0.780434608,1.321316481,0.698674381,0.319423705,0.00965116,0.178551316,Central and Eastern Europe
825,Ukraine,2021,110,4.875,0.979,0.958,0.517,0.417,0.01,0.181,Central and Eastern Europe
826,Ukraine,2022,98,5.084,1.411,1.081,0.583,0.473,0.017,0.188,Central and Eastern Europe
827,Iraq,2015,112,4.677,0.98549,0.81889,0.60237,0.0,0.13788,0.17922,Middle East and Northern Africa
828,Iraq,2016,112,4.575,1.07474,0.59205,0.51076,0.24856,0.13636,0.19589,Middle East and Northern Africa
829,Iraq,2017,117,4.49700021743774,1.10271048545837,0.978613197803497,0.501180469989777,0.288555532693863,0.107215754687786,0.19963726401329,Middle East and Northern Africa
830,Iraq,2018,117,4.456,1.01,0.971,0.536,0.304,0.095,0.148,Middle East and Northern Africa
831,Iraq,2019,126,4.437,1.043,0.98,0.574,0.241,0.089,0.148,Middle East and Northern Africa
832,Iraq,2020,110,4.784800053,0.982018709,1.011466622,0.529350698,0.283588052,0.073164992,0.153002068,Middle East and Northern Africa
833,Iraq,2021,111,4.854,0.91,0.638,0.381,0.302,0.041,0.153,Middle East and Northern Africa
834,Iraq,2022,107,4.941,1.289,0.682,0.554,0.328,0.046,0.147,Middle East and Northern Africa
835,South Africa,2015,113,4.642,0.92049,1.18468,0.27688,0.33207,0.08884,0.11973,Sub-Saharan Africa
836,South Africa,2016,116,4.459,1.02416,0.96053,0.18611,0.42483,0.08415,0.13656,Sub-Saharan Africa
837,South Africa,2017,101,4.8289999961853,1.05469870567322,1.38478863239288,0.187080070376396,0.479246735572815,0.0725094974040985,0.139362379908562,Sub-Saharan Africa
838,South Africa,2018,105,4.724,0.94,1.41,0.33,0.516,0.056,0.103,Sub-Saharan Africa
839,South Africa,2019,106,4.722,0.96,1.351,0.469,0.389,0.055,0.13,Sub-Saharan Africa
840,South Africa,2020,109,4.814099789,0.902140439,1.259086251,0.407034069,0.43478182,0.05950214,0.126406848,Sub-Saharan Africa
841,South Africa,2021,103,4.956,0.967,0.895,0.265,0.447,0.051,0.144,Sub-Saharan Africa
842,South Africa,2022,91,5.194,1.425,1.088,0.361,0.442,0.046,0.089,Sub-Saharan Africa
843,Ghana,2015,114,4.633,0.54558,0.67954,0.40132,0.42342,0.04355,0.23087,Sub-Saharan Africa
844,Ghana,2016,124,4.276,0.63107,0.49353,0.29681,0.40973,0.0326,0.21203,Sub-Saharan Africa
845,Ghana,2017,131,4.11999988555908,0.667224824428558,0.873664736747742,0.295637726783752,0.423026293516159,0.0253363698720932,0.256923943758011,Sub-Saharan Africa
846,Ghana,2018,108,4.657,0.592,0.896,0.337,0.499,0.029,0.212,Sub-Saharan Africa
847,Ghana,2019,98,4.996,0.611,0.868,0.486,0.381,0.04,0.245,Sub-Saharan Africa
848,Ghana,2020,91,5.147999763,0.575862467,0.96636796,0.432162255,0.477290064,0.056570381,0.261291206,Sub-Saharan Africa
849,Ghana,2021,95,5.088,0.68,0.595,0.287,0.517,0.058,0.268,Sub-Saharan Africa
850,Ghana,2022,111,4.872,1.112,0.595,0.409,0.5,0.056,0.23,Sub-Saharan Africa
851,Zimbabwe,2015,115,4.61,0.271,1.03276,0.33475,0.25861,0.08079,0.18987,Sub-Saharan Africa
852,Zimbabwe,2016,131,4.193,0.35041,0.71478,0.1595,0.25429,0.08582,0.18503,Sub-Saharan Africa
853,Zimbabwe,2017,138,3.875,0.375846534967422,1.08309590816498,0.196763753890991,0.336384207010269,0.0953753814101219,0.189143493771553,Sub-Saharan Africa
854,Zimbabwe,2018,144,3.692,0.357,1.094,0.248,0.406,0.099,0.132,Sub-Saharan Africa
855,Zimbabwe,2019,146,3.663,0.366,1.114,0.433,0.361,0.089,0.151,Sub-Saharan Africa
856,Zimbabwe,2020,151,3.299200058,0.425564021,1.047835231,0.375037611,0.37740472,0.080928579,0.151349187,Sub-Saharan Africa
857,Zimbabwe,2021,148,3.145,0.457,0.649,0.243,0.359,0.075,0.157,Sub-Saharan Africa
858,Zimbabwe,2022,144,2.995,0.947,0.69,0.27,0.329,0.105,0.106,Sub-Saharan Africa
866,India,2015,117,4.565,0.64499,0.38174,0.51529,0.39786,0.08492,0.26475,Southern Asia
867,India,2016,118,4.404,0.74036,0.29247,0.45091,0.40285,0.08722,0.25028,Southern Asia
868,India,2017,122,4.31500005722046,0.792221248149872,0.754372596740723,0.455427616834641,0.469987004995346,0.0922268852591515,0.231538489460945,Southern Asia
869,India,2018,133,4.19,0.721,0.747,0.485,0.539,0.093,0.172,Southern Asia
870,India,2019,140,4.015,0.755,0.765,0.588,0.498,0.085,0.2,Southern Asia
871,India,2020,144,3.573299885,0.730576158,0.644198656,0.54057014,0.581142247,0.105587982,0.237072483,Southern Asia
872,India,2021,139,3.819,0.741,0.316,0.383,0.622,0.106,0.246,Southern Asia
873,India,2022,136,3.777,1.167,0.376,0.471,0.647,0.123,0.198,Southern Asia
891,Nepal,2015,121,4.514,0.35997,0.86449,0.56874,0.38282,0.05907,0.32296,Southern Asia
892,Nepal,2016,107,4.793,0.44626,0.69699,0.50073,0.37012,0.07008,0.3816,Southern Asia
893,Nepal,2017,99,4.96199989318848,0.479820191860199,1.17928326129913,0.504130780696869,0.440305948257446,0.0729755461215973,0.394096165895462,Southern Asia
894,Nepal,2018,101,4.88,0.425,1.228,0.539,0.526,0.078,0.302,Southern Asia
895,Nepal,2019,100,4.913,0.446,1.226,0.677,0.439,0.089,0.285,Southern Asia
896,Nepal,2020,92,5.137199879,0.444050372,1.100789309,0.66887939,0.480608255,0.127502963,0.300971806,Southern Asia
897,Nepal,2021,87,5.269,0.519,0.702,0.496,0.488,0.135,0.287,Southern Asia
898,Nepal,2022,84,5.377,0.984,0.784,0.499,0.519,0.13,0.237,Southern Asia
899,Ethiopia,2015,122,4.512,0.19073,0.60406,0.44055,0.4345,0.15048,0.24325,Sub-Saharan Africa
900,Ethiopia,2016,115,4.508,0.29283,0.37932,0.34578,0.36703,0.1717,0.29522,Sub-Saharan Africa
901,Ethiopia,2017,119,4.46000003814697,0.339233845472336,0.86466920375824,0.353409707546234,0.408842742443085,0.165455713868141,0.312650740146637,Sub-Saharan Africa
902,Ethiopia,2018,127,4.35,0.308,0.95,0.391,0.452,0.146,0.22,Sub-Saharan Africa
903,Ethiopia,2019,134,4.286,0.336,1.033,0.532,0.344,0.1,0.209,Sub-Saharan Africa
904,Ethiopia,2020,136,4.186200142,0.315125644,1.001103282,0.483846247,0.41256687,0.117437035,0.227698103,Sub-Saharan Africa
905,Ethiopia,2021,133,4.275,0.37,0.679,0.331,0.451,0.114,0.241,Sub-Saharan Africa
906,Ethiopia,2022,131,4.241,0.788,0.809,0.457,0.472,0.136,0.205,Sub-Saharan Africa
907,Sierra Leone,2015,123,4.507,0.33024,0.95571,0.0,0.4084,0.08786,0.21488,Sub-Saharan Africa
908,Sierra Leone,2016,111,4.635,0.36485,0.628,0.0,0.30685,0.08196,0.23897,Sub-Saharan Africa
909,Sierra Leone,2017,106,4.70900011062622,0.36842092871666,0.984136044979095,0.0055647538974881,0.318697690963745,0.0710951760411263,0.293040901422501,Sub-Saharan Africa
910,Sierra Leone,2018,113,4.571,0.256,0.813,0.0,0.355,0.053,0.238,Sub-Saharan Africa
911,Sierra Leone,2019,129,4.374,0.268,0.841,0.242,0.309,0.045,0.252,Sub-Saharan Africa
912,Sierra Leone,2020,139,3.926399946,0.240560383,0.747984946,0.203953966,0.382027686,0.047940936,0.257647008,Sub-Saharan Africa
913,Sierra Leone,2021,138,3.849,0.279,0.377,0.1,0.408,0.047,0.243,Sub-Saharan Africa
914,Sierra Leone,2022,140,3.574,0.686,0.416,0.273,0.387,0.055,0.202,Sub-Saharan Africa
922,Kenya,2015,125,4.419,0.36471,0.99876,0.41435,0.42215,0.05839,0.37542,Sub-Saharan Africa
923,Kenya,2016,122,4.356,0.52267,0.7624,0.30147,0.40576,0.06686,0.41328,Sub-Saharan Africa
924,Kenya,2017,112,4.55299997329712,0.560479462146759,1.06795072555542,0.309988349676132,0.452763766050339,0.0646413192152977,0.444860309362411,Sub-Saharan Africa
925,Kenya,2018,124,4.41,0.493,1.048,0.454,0.504,0.055,0.352,Sub-Saharan Africa
926,Kenya,2019,121,4.509,0.512,0.983,0.581,0.431,0.053,0.372,Sub-Saharan Africa
927,Kenya,2020,121,4.583000183,0.476413399,0.905077755,0.536312759,0.519180536,0.067201078,0.393902093,Sub-Saharan Africa
928,Kenya,2021,121,4.607,0.603,0.508,0.385,0.483,0.073,0.375,Sub-Saharan Africa
929,Kenya,2022,119,4.543,1.032,0.605,0.401,0.44,0.082,0.322,Sub-Saharan Africa
931,Armenia,2015,127,4.35,0.76821,0.77711,0.7299,0.19847,0.039,0.07855,Central and Eastern Europe
932,Armenia,2016,121,4.36,0.86086,0.62477,0.64083,0.14037,0.03616,0.07793,Central and Eastern Europe
933,Armenia,2017,121,4.37599992752075,0.900596737861633,1.00748372077942,0.637524425983429,0.198303267359734,0.0266744215041399,0.0834880918264389,Central and Eastern Europe
934,Armenia,2018,129,4.321,0.816,0.99,0.666,0.26,0.028,0.077,Central and Eastern Europe
935,Armenia,2019,116,4.559,0.85,1.055,0.815,0.283,0.064,0.095,Central and Eastern Europe
936,Armenia,2020,116,4.676799774,0.808262408,1.034576893,0.77585727,0.378075808,0.104618184,0.107225738,Central and Eastern Europe
937,Armenia,2021,86,5.283,0.996,0.758,0.585,0.54,0.198,0.079,Central and Eastern Europe
938,Armenia,2022,82,5.399,1.434,0.82,0.668,0.558,0.21,0.054,Central and Eastern Europe
946,Myanmar,2015,129,4.307,0.27108,0.70905,0.48246,0.44017,0.19034,0.79588,Southeastern Asia
947,Myanmar,2016,119,4.395,0.34112,0.69981,0.3988,0.42692,0.20243,0.81971,Southeastern Asia
948,Myanmar,2017,114,4.54500007629395,0.367110550403595,1.12323594093323,0.397522568702698,0.514492034912109,0.188816204667091,0.838075160980225,Southeastern Asia
949,Myanmar,2018,130,4.308,0.682,1.174,0.429,0.58,0.178,0.598,Southeastern Asia
950,Myanmar,2019,131,4.36,0.71,1.181,0.555,0.525,0.172,0.566,Southeastern Asia
951,Myanmar,2020,133,4.308000088,0.67809093,1.098178267,0.495443076,0.597478867,0.187530354,0.569813728,Southeastern Asia
952,Myanmar,2021,126,4.426,0.666,0.713,0.341,0.601,0.178,0.52,Southeastern Asia
953,Myanmar,2022,126,4.394,1.038,0.829,0.491,0.513,0.194,0.452,Southeastern Asia
954,Georgia,2015,130,4.297,0.7419,0.38562,0.72926,0.40577,0.38331,0.05547,Central and Eastern Europe
955,Georgia,2016,126,4.252,0.83792,0.19249,0.64035,0.32461,0.3188,0.06786,Central and Eastern Europe
956,Georgia,2017,125,4.28599977493286,0.950612664222717,0.57061493396759,0.649546980857849,0.309410035610199,0.251666635274887,0.0540088154375553,Central and Eastern Europe
957,Georgia,2018,128,4.34,0.853,0.592,0.643,0.375,0.215,0.038,Central and Eastern Europe
958,Georgia,2019,119,4.519,0.886,0.666,0.752,0.346,0.164,0.043,Central and Eastern Europe
959,Georgia,2020,117,4.672599792,0.847198069,0.7311939,0.694657624,0.485494107,0.174088076,0.047609735,Central and Eastern Europe
960,Georgia,2021,108,4.891,1.03,0.47,0.498,0.488,0.181,0.032,Central and Eastern Europe
961,Georgia,2022,105,4.973,1.467,0.612,0.595,0.508,0.208,0.0,Central and Eastern Europe
962,Malawi,2015,131,4.292,0.01604,0.41134,0.22562,0.43054,0.06977,0.33128,Sub-Saharan Africa
963,Malawi,2016,132,4.156,0.08709,0.147,0.29364,0.4143,0.07564,0.30968,Sub-Saharan Africa
964,Malawi,2017,136,3.97000002861023,0.233442038297653,0.512568831443787,0.315089583396912,0.466914653778076,0.0727116540074348,0.287170469760895,Sub-Saharan Africa
965,Malawi,2018,147,3.587,0.186,0.541,0.306,0.531,0.08,0.21,Sub-Saharan Africa
966,Malawi,2019,150,3.41,0.191,0.56,0.495,0.443,0.089,0.218,Sub-Saharan Africa
967,Malawi,2020,145,3.538000107,0.176534727,0.53036809,0.446163297,0.487389833,0.131633952,0.213185057,Sub-Saharan Africa
968,Malawi,2021,144,3.6,0.113,0.168,0.298,0.484,0.134,0.213,Sub-Saharan Africa
969,Malawi,2022,138,3.75,0.648,0.279,0.388,0.477,0.157,0.14,Sub-Saharan Africa
970,Sri Lanka,2015,132,4.271,0.83524,1.01905,0.70806,0.53726,0.09179,0.40828,Southern Asia
971,Sri Lanka,2016,117,4.415,0.97318,0.84783,0.62007,0.50817,0.07964,0.46978,Southern Asia
972,Sri Lanka,2017,120,4.44000005722046,1.00985014438629,1.25997638702393,0.625130832195282,0.561213254928589,0.0736539661884308,0.490863561630249,Southern Asia
973,Sri Lanka,2018,116,4.471,0.918,1.314,0.672,0.585,0.05,0.307,Southern Asia
974,Sri Lanka,2019,130,4.366,0.949,1.265,0.831,0.47,0.047,0.244,Southern Asia
975,Sri Lanka,2020,130,4.327000141,0.897986948,1.19494009,0.792036712,0.528632462,0.049444564,0.252666146,Southern Asia
976,Sri Lanka,2021,129,4.325,0.99,0.82,0.593,0.559,0.049,0.239,Southern Asia
977,Sri Lanka,2022,127,4.362,1.415,0.934,0.66,0.529,0.079,0.15,Southern Asia
978,Cameroon,2015,133,4.252,0.4225,0.88767,0.23402,0.49309,0.05786,0.20618,Sub-Saharan Africa
979,Cameroon,2016,114,4.513,0.52497,0.62542,0.12698,0.42736,0.06126,0.2268,Sub-Saharan Africa
980,Cameroon,2017,107,4.69500017166138,0.564305365085602,0.946018218994141,0.132892116904259,0.430388748645782,0.0513066314160824,0.236298456788063,Sub-Saharan Africa
981,Cameroon,2018,99,4.975,0.535,0.891,0.182,0.454,0.043,0.183,Sub-Saharan Africa
982,Cameroon,2019,96,5.044,0.549,0.91,0.331,0.381,0.037,0.187,Sub-Saharan Africa
983,Cameroon,2020,98,5.084899902,0.503958046,0.89972645,0.270189553,0.439242482,0.054393422,0.198020101,Sub-Saharan Africa
984,Cameroon,2021,91,5.142,0.543,0.556,0.159,0.425,0.058,0.205,Sub-Saharan Africa
985,Cameroon,2022,102,5.048,0.968,0.672,0.317,0.397,0.074,0.152,Sub-Saharan Africa
986,Bulgaria,2015,134,4.218,1.01216,1.10614,0.76649,0.30587,0.00872,0.11921,Central and Eastern Europe
987,Bulgaria,2016,129,4.217,1.11306,0.92542,0.67806,0.21219,0.00615,0.12793,Central and Eastern Europe
988,Bulgaria,2017,105,4.71400022506714,1.1614590883255,1.43437945842743,0.708217680454254,0.289231717586517,0.0110515309497714,0.113177694380283,Central and Eastern Europe
989,Bulgaria,2018,100,4.933,1.054,1.515,0.712,0.359,0.009,0.064,Central and Eastern Europe
990,Bulgaria,2019,97,5.011,1.092,1.513,0.815,0.311,0.004,0.081,Central and Eastern Europe
991,Bulgaria,2020,96,5.101500034,1.046554685,1.460578918,0.777776897,0.417820066,0.0,0.103833713,Central and Eastern Europe
992,Bulgaria,2021,88,5.266,1.181,1.055,0.583,0.494,0.005,0.125,Central and Eastern Europe
993,Bulgaria,2022,85,5.371,1.625,1.163,0.64,0.563,0.021,0.123,Central and Eastern Europe
994,Egypt,2015,135,4.194,0.8818,0.747,0.61712,0.17288,0.06324,0.11291,Middle East and Northern Africa
995,Egypt,2016,120,4.362,0.95395,0.49813,0.52116,0.18847,0.10393,0.12706,Middle East and Northern Africa
996,Egypt,2017,104,4.7350001335144,0.989701807498932,0.997471392154694,0.520187258720398,0.282110154628754,0.114381365478039,0.128631442785263,Middle East and Northern Africa
997,Egypt,2018,122,4.419,0.885,1.025,0.553,0.312,0.107,0.092,Middle East and Northern Africa
998,Egypt,2019,137,4.166,0.913,1.039,0.644,0.241,0.067,0.076,Middle East and Northern Africa
999,Egypt,2020,138,4.151400089,0.875228941,0.982539535,0.596911311,0.373684734,0.095461793,0.068801254,Middle East and Northern Africa
1000,Egypt,2021,132,4.283,0.954,0.647,0.426,0.446,0.092,0.069,Middle East and Northern Africa
1001,Egypt,2022,129,4.288,1.388,0.732,0.548,0.469,0.254,0.041,Middle East and Northern Africa
1013,Mali,2015,138,3.995,0.26074,1.03526,0.20583,0.38857,0.12352,0.18798,Sub-Saharan Africa
1014,Mali,2016,135,4.073,0.31292,0.86333,0.16347,0.27544,0.13647,0.21064,Sub-Saharan Africa
1015,Mali,2017,127,4.19000005722046,0.476180493831635,1.28147339820862,0.169365674257278,0.306613743305206,0.104970246553421,0.183354198932648,Sub-Saharan Africa
1016,Mali,2018,118,4.447,0.37,1.233,0.152,0.367,0.056,0.139,Sub-Saharan Africa
1017,Mali,2019,128,4.39,0.385,1.105,0.308,0.327,0.052,0.153,Sub-Saharan Africa
1018,Mali,2020,114,4.729300022,0.352462649,0.97314173,0.234981522,0.377534449,0.062146276,0.16966705,Sub-Saharan Africa
1019,Mali,2021,117,4.723,0.387,0.59,0.11,0.384,0.072,0.164,Sub-Saharan Africa
1020,Mali,2022,123,4.479,0.792,0.483,0.311,0.35,0.042,0.128,Sub-Saharan Africa
1033,Uganda,2015,141,3.931,0.21102,1.13299,0.33861,0.45727,0.07267,0.29066,Sub-Saharan Africa
1034,Uganda,2016,145,3.739,0.34719,0.90981,0.19625,0.43653,0.06442,0.27102,Sub-Saharan Africa
1035,Uganda,2017,133,4.08099985122681,0.381430715322495,1.12982773780823,0.217632606625557,0.443185955286026,0.057069718837738,0.325766056776047,Sub-Saharan Africa
1036,Uganda,2018,135,4.161,0.322,1.09,0.237,0.45,0.061,0.259,Sub-Saharan Africa
1037,Uganda,2019,136,4.189,0.332,1.069,0.443,0.356,0.06,0.252,Sub-Saharan Africa
1038,Uganda,2020,126,4.43200016,0.312337428,1.052327394,0.378311664,0.401682556,0.063818842,0.264807373,Sub-Saharan Africa
1039,Uganda,2021,119,4.636,0.364,0.718,0.24,0.398,0.054,0.267,Sub-Saharan Africa
1040,Uganda,2022,117,4.603,0.777,0.875,0.418,0.402,0.066,0.222,Sub-Saharan Africa
1041,Senegal,2015,142,3.904,0.36498,0.97619,0.4354,0.36772,0.10713,0.20843,Sub-Saharan Africa
1042,Senegal,2016,128,4.219,0.44314,0.77416,0.40457,0.31056,0.11681,0.19103,Sub-Saharan Africa
1043,Senegal,2017,115,4.53499984741211,0.479309022426605,1.17969191074371,0.409362852573395,0.377922266721725,0.115460447967052,0.183468893170357,Sub-Saharan Africa
1044,Senegal,2018,109,4.631,0.429,1.117,0.433,0.406,0.082,0.138,Sub-Saharan Africa
1045,Senegal,2019,111,4.681,0.45,1.134,0.571,0.292,0.072,0.153,Sub-Saharan Africa
1046,Senegal,2020,101,4.980800152,0.504061818,0.95459342,0.518391907,0.352400899,0.081865937,0.164397135,Sub-Saharan Africa
1047,Senegal,2021,92,5.132,0.518,0.558,0.357,0.381,0.088,0.158,Sub-Saharan Africa
1048,Senegal,2022,103,5.046,0.933,0.53,0.447,0.494,0.081,0.143,Sub-Saharan Africa
1049,Gabon,2015,143,3.896,1.06024,0.90528,0.43372,0.31914,0.11091,0.06822,Sub-Saharan Africa
1050,Gabon,2016,134,4.121,1.15851,0.72368,0.3494,0.28098,0.09314,0.06244,Sub-Saharan Africa
1051,Gabon,2017,118,4.46500015258789,1.1982102394104,1.1556202173233,0.356578588485718,0.312328577041626,0.0760467872023582,0.0437853783369064,Sub-Saharan Africa
1052,Gabon,2018,103,4.758,1.036,1.164,0.404,0.356,0.052,0.032,Sub-Saharan Africa
1053,Gabon,2019,104,4.799,1.057,1.183,0.571,0.295,0.055,0.043,Sub-Saharan Africa
1054,Gabon,2020,108,4.829299927,0.988044381,1.10639751,0.522574842,0.369459897,0.055804539,0.052013602,Sub-Saharan Africa
1055,Gabon,2021,112,4.852,1.037,0.707,0.362,0.424,0.064,0.058,Sub-Saharan Africa
1056,Gabon,2022,106,4.958,1.459,0.738,0.396,0.343,0.099,0.032,Sub-Saharan Africa
1064,Cambodia,2015,145,3.819,0.46038,0.62736,0.61114,0.66246,0.07247,0.40359,Southeastern Asia
1065,Cambodia,2016,140,3.907,0.55604,0.5375,0.42494,0.58852,0.08092,0.40339,Southeastern Asia
1066,Cambodia,2017,129,4.16800022125244,0.601765096187592,1.00623834133148,0.429783403873444,0.633375823497772,0.0681059509515762,0.385922968387604,Southeastern Asia
1067,Cambodia,2018,120,4.433,0.549,1.088,0.457,0.696,0.065,0.256,Southeastern Asia
1068,Cambodia,2019,109,4.7,0.574,1.122,0.637,0.609,0.062,0.232,Southeastern Asia
1069,Cambodia,2020,106,4.848400116,0.544634938,1.071426034,0.587904334,0.674940348,0.072837502,0.233342081,Southeastern Asia
1070,Cambodia,2021,114,4.83,0.603,0.68,0.426,0.702,0.061,0.21,Southeastern Asia
1071,Cambodia,2022,114,4.64,1.019,0.732,0.505,0.74,0.068,0.166,Southeastern Asia
1072,Tanzania,2015,146,3.781,0.2852,1.00268,0.38215,0.32878,0.05747,0.34377,Sub-Saharan Africa
1073,Tanzania,2016,149,3.666,0.47155,0.77623,0.357,0.3176,0.05099,0.31472,Sub-Saharan Africa
1074,Tanzania,2017,153,3.34899997711182,0.511135876178741,1.04198980331421,0.364509284496307,0.390017777681351,0.0660351067781448,0.354256361722946,Sub-Saharan Africa
1075,Tanzania,2018,153,3.303,0.455,0.991,0.381,0.481,0.097,0.27,Sub-Saharan Africa
1076,Tanzania,2019,153,3.231,0.476,0.885,0.499,0.417,0.147,0.276,Sub-Saharan Africa
1077,Tanzania,2020,148,3.476200104,0.457163125,0.872674644,0.442677855,0.509343088,0.203880861,0.27154091,Sub-Saharan Africa
1078,Tanzania,2021,142,3.623,0.433,0.54,0.3,0.549,0.231,0.307,Sub-Saharan Africa
1079,Tanzania,2022,139,3.702,0.848,0.597,0.425,0.578,0.27,0.248,Sub-Saharan Africa
1099,Guinea,2015,150,3.656,0.17417,0.46475,0.24009,0.37725,0.12139,0.28657,Sub-Saharan Africa
1100,Guinea,2016,151,3.607,0.22415,0.3109,0.18829,0.30953,0.1192,0.29914,Sub-Saharan Africa
1101,Guinea,2017,149,3.50699996948242,0.244549930095673,0.791244685649872,0.194129139184952,0.348587512969971,0.110937617719173,0.264815092086792,Sub-Saharan Africa
1102,Guinea,2018,140,3.964,0.344,0.792,0.211,0.394,0.094,0.185,Sub-Saharan Africa
1103,Guinea,2019,118,4.534,0.38,0.829,0.375,0.332,0.086,0.207,Sub-Saharan Africa
1104,Guinea,2020,102,4.949299812,0.390007734,0.75136596,0.333655238,0.371878058,0.112204559,0.249490842,Sub-Saharan Africa
1105,Guinea,2021,102,4.984,0.42,0.399,0.206,0.384,0.111,0.25,Sub-Saharan Africa
1106,Guinea,2022,109,4.891,0.848,0.566,0.275,0.334,0.116,0.214,Sub-Saharan Africa
1107,Ivory Coast,2015,151,3.655,0.46534,0.77115,0.15185,0.46866,0.17922,0.20165,Sub-Saharan Africa
1108,Ivory Coast,2016,139,3.916,0.55507,0.57576,0.04476,0.40663,0.1553,0.20338,Sub-Saharan Africa
1109,Ivory Coast,2017,128,4.17999982833862,0.603048920631409,0.904780030250549,0.0486421696841717,0.447706192731857,0.130061775445938,0.201237469911575,Sub-Saharan Africa
1110,Ivory Coast,2018,107,4.671,0.541,0.872,0.08,0.467,0.103,0.146,Sub-Saharan Africa
1111,Ivory Coast,2019,99,4.944,0.569,0.808,0.232,0.352,0.09,0.154,Sub-Saharan Africa
1112,Ivory Coast,2020,85,5.233300209,0.537094414,0.799727261,0.154942513,0.397122532,0.093495794,0.169915587,Sub-Saharan Africa
1113,Ivory Coast,2021,85,5.306,0.669,0.409,0.052,0.438,0.092,0.177,Sub-Saharan Africa
1114,Ivory Coast,2022,88,5.235,1.094,0.442,0.322,0.451,0.124,0.149,Sub-Saharan Africa
1115,Burkina Faso,2015,152,3.587,0.25812,0.85188,0.27125,0.39493,0.12832,0.21747,Sub-Saharan Africa
1116,Burkina Faso,2016,145,3.739,0.31995,0.63054,0.21297,0.3337,0.12533,0.24353,Sub-Saharan Africa
1117,Burkina Faso,2017,134,4.03200006484985,0.3502277135849,1.04328000545502,0.215844258666039,0.324367851018906,0.120328105986118,0.250864684581757,Sub-Saharan Africa
1118,Burkina Faso,2018,121,4.424,0.314,1.097,0.254,0.312,0.128,0.175,Sub-Saharan Africa
1119,Burkina Faso,2019,115,4.587,0.331,1.056,0.38,0.255,0.113,0.177,Sub-Saharan Africa
1120,Burkina Faso,2020,112,4.768700123,0.302467644,0.9293859,0.312833875,0.322398156,0.126408055,0.186390609,Sub-Saharan Africa
1121,Burkina Faso,2021,113,4.834,0.364,0.472,0.179,0.381,0.122,0.182,Sub-Saharan Africa
1122,Burkina Faso,2022,113,4.67,0.779,0.565,0.32,0.382,0.126,0.186,Sub-Saharan Africa
1123,Afghanistan,2015,153,3.575,0.31982,0.30285,0.30335,0.23414,0.09719,0.3651,Southern Asia
1124,Afghanistan,2016,154,3.36,0.38227,0.11037,0.17344,0.1643,0.07112,0.31268,Southern Asia
1125,Afghanistan,2017,141,3.79399991035461,0.401477217674255,0.581543326377869,0.180746778845787,0.106179520487785,0.0611578300595284,0.311870932579041,Southern Asia
1126,Afghanistan,2018,145,3.632,0.332,0.537,0.255,0.085,0.036,0.191,Southern Asia
1127,Afghanistan,2019,154,3.203,0.35,0.517,0.361,0.0,0.025,0.158,Southern Asia
1128,Afghanistan,2020,153,2.566900015,0.30070585,0.356433839,0.266051531,0.0,0.001225785,0.135234714,Southern Asia
1129,Afghanistan,2021,149,2.523,0.37,0.0,0.126,0.0,0.01,0.122,Southern Asia
1130,Afghanistan,2022,146,2.404,0.758,0.0,0.289,0.0,0.005,0.089,Southern Asia
1138,Benin,2015,155,3.34,0.28665,0.35386,0.3191,0.4845,0.0801,0.1826,Sub-Saharan Africa
1139,Benin,2016,153,3.484,0.39499,0.10419,0.21028,0.39747,0.06681,0.2018,Sub-Saharan Africa
1140,Benin,2017,143,3.65700006484985,0.431085407733917,0.435299843549728,0.209930211305618,0.425962775945663,0.0609290152788162,0.207948461174965,Sub-Saharan Africa
1141,Benin,2018,136,4.141,0.378,0.372,0.24,0.44,0.067,0.163,Sub-Saharan Africa
1142,Benin,2019,102,4.883,0.393,0.437,0.397,0.349,0.082,0.175,Sub-Saharan Africa
1143,Benin,2020,86,5.21600008,0.366244704,0.352428436,0.328062952,0.40583989,0.125931874,0.196670428,Sub-Saharan Africa
1144,Benin,2021,99,5.045,0.507,0.058,0.196,0.457,0.178,0.166,Sub-Saharan Africa
1145,Benin,2022,115,4.623,0.932,0.064,0.335,0.479,0.23,0.127,Sub-Saharan Africa
1158,Togo,2015,158,2.839,0.20868,0.13995,0.28443,0.36453,0.10731,0.16681,Sub-Saharan Africa
1159,Togo,2016,155,3.303,0.28123,0.0,0.24811,0.34678,0.11587,0.17517,Sub-Saharan Africa
1160,Togo,2017,150,3.49499988555908,0.305444717407227,0.431882530450821,0.247105568647385,0.38042613863945,0.0956650152802467,0.196896150708199,Sub-Saharan Africa
1161,Togo,2018,139,3.999,0.259,0.474,0.253,0.434,0.101,0.158,Sub-Saharan Africa
1162,Togo,2019,139,4.085,0.275,0.572,0.41,0.293,0.085,0.177,Sub-Saharan Africa
1163,Togo,2020,135,4.187200069,0.268116266,0.547622859,0.342731178,0.303539038,0.114826456,0.200774252,Sub-Saharan Africa
1164,Togo,2021,136,4.107,0.254,0.239,0.203,0.289,0.107,0.209,Sub-Saharan Africa
1165,Togo,2022,135,4.112,0.771,0.322,0.36,0.292,0.132,0.174,Sub-Saharan Africa
